Size of array,Array Time
11,0.2000000E-5
12,0.3000000E-5
13,0.4000000E-5
14,0.5000000E-5
15,0.6000000E-5
16,0.7000000E-5
17,0.7000000E-5
18,0.8000000E-5
19,0.9000000E-5
20,0.1000000E-4
21,0.1100000E-4
22,0.1100000E-4
23,0.1100000E-4
24,0.1100000E-4
25,0.1200000E-4
26,0.1400000E-4
27,0.1500000E-4
28,0.1600000E-4
29,0.1700000E-4
30,0.1800000E-4
31,0.1900000E-4
32,0.2000000E-4
33,0.2000000E-4
34,0.2000000E-4
35,0.2000000E-4
36,0.2000000E-4
37,0.2100000E-4
38,0.2200000E-4
39,0.2300000E-4
40,0.2400000E-4
41,0.2400000E-4
42,0.2500000E-4
43,0.2500000E-4
44,0.2500000E-4
45,0.2500000E-4
46,0.2600000E-4
47,0.2700000E-4
48,0.2800000E-4
49,0.2900000E-4
50,0.3000000E-4
51,0.3000000E-4
52,0.3100000E-4
53,0.3100000E-4
54,0.3200000E-4
55,0.3300000E-4
56,0.3400000E-4
57,0.3500000E-4
58,0.3600000E-4
59,0.3600000E-4
60,0.3700000E-4
61,0.3700000E-4
62,0.3800000E-4
63,0.3900000E-4
64,0.4000000E-4
65,0.4100000E-4
66,0.4100000E-4
67,0.4200000E-4
68,0.4400000E-4
69,0.4500000E-4
70,0.4600000E-4
71,0.4600000E-4
72,0.4600000E-4
73,0.4700000E-4
74,0.4900000E-4
75,0.5000000E-4
76,0.5100000E-4
77,0.5100000E-4
78,0.5100000E-4
79,0.5200000E-4
80,0.5300000E-4
81,0.5400000E-4
82,0.5500000E-4
83,0.5500000E-4
84,0.5500000E-4
85,0.5500000E-4
86,0.5600000E-4
87,0.5700000E-4
88,0.5900000E-4
89,0.6000000E-4
90,0.6100000E-4
91,0.6100000E-4
92,0.6200000E-4
93,0.7600000E-4
94,0.7600000E-4
95,0.7700000E-4
96,0.7800000E-4
97,0.7900000E-4
98,0.8000000E-4
99,0.8100000E-4
100,0.8200000E-4
101,0.8300000E-4
102,0.8400000E-4
103,0.8500000E-4
104,0.8600000E-4
105,0.8600000E-4
106,0.8700000E-4
107,0.8800000E-4
108,0.9000000E-4
109,0.9100000E-4
110,0.9200000E-4
111,0.9200000E-4
112,0.9400000E-4
113,0.9500000E-4
114,0.9500000E-4
115,0.9600000E-4
116,0.9900000E-4
117,0.1000000E-3
118,0.1010000E-3
119,0.1020000E-3
120,0.1030000E-3
121,0.1040000E-3
122,0.1050000E-3
123,0.1050000E-3
124,0.1050000E-3
125,0.1060000E-3
126,0.1080000E-3
127,0.1090000E-3
128,0.1110000E-3
129,0.1120000E-3
130,0.1130000E-3
131,0.1140000E-3
132,0.1150000E-3
133,0.1160000E-3
134,0.1170000E-3
135,0.1180000E-3
136,0.1180000E-3
137,0.1180000E-3
138,0.1180000E-3
139,0.1180000E-3
140,0.1190000E-3
141,0.1200000E-3
142,0.1210000E-3
143,0.1220000E-3
144,0.1230000E-3
145,0.1240000E-3
146,0.1250000E-3
147,0.1250000E-3
148,0.1390000E-3
149,0.1400000E-3
150,0.1410000E-3
151,0.1420000E-3
152,0.1430000E-3
153,0.1440000E-3
154,0.1450000E-3
155,0.1460000E-3
156,0.1470000E-3
157,0.1480000E-3
158,0.1490000E-3
159,0.1500000E-3
160,0.1510000E-3
161,0.1520000E-3
162,0.1530000E-3
163,0.1540000E-3
164,0.1550000E-3
165,0.1560000E-3
166,0.1570000E-3
167,0.1580000E-3
168,0.1590000E-3
169,0.1600000E-3
170,0.1640000E-3
171,0.1650000E-3
172,0.1660000E-3
173,0.1670000E-3
174,0.1680000E-3
175,0.1690000E-3
176,0.1700000E-3
177,0.1710000E-3
178,0.1710000E-3
179,0.1720000E-3
180,0.1730000E-3
181,0.1740000E-3
182,0.1750000E-3
183,0.1760000E-3
184,0.1770000E-3
185,0.1780000E-3
186,0.1790000E-3
187,0.1800000E-3
188,0.1810000E-3
189,0.1820000E-3
190,0.1830000E-3
191,0.1840000E-3
192,0.1850000E-3
193,0.1860000E-3
194,0.1870000E-3
195,0.1880000E-3
196,0.1890000E-3
197,0.1900000E-3
198,0.1910000E-3
199,0.1920000E-3
200,0.1930000E-3
201,0.1940000E-3
202,0.1950000E-3
203,0.1960000E-3
204,0.1960000E-3
205,0.1970000E-3
206,0.1980000E-3
207,0.1980000E-3
208,0.1990000E-3
209,0.2000000E-3
210,0.2010000E-3
211,0.2020000E-3
212,0.2030000E-3
213,0.2030000E-3
214,0.2040000E-3
215,0.2050000E-3
216,0.2060000E-3
217,0.2070000E-3
218,0.2080000E-3
219,0.2090000E-3
220,0.2100000E-3
221,0.2110000E-3
222,0.2120000E-3
223,0.2130000E-3
224,0.2140000E-3
225,0.2150000E-3
226,0.2160000E-3
227,0.2170000E-3
228,0.2180000E-3
229,0.2190000E-3
230,0.2330000E-3
231,0.2340000E-3
232,0.2350000E-3
233,0.2350000E-3
234,0.2350000E-3
235,0.2360000E-3
236,0.2370000E-3
237,0.2370000E-3
238,0.2380000E-3
239,0.2390000E-3
240,0.2400000E-3
241,0.2410000E-3
242,0.2420000E-3
243,0.2430000E-3
244,0.2440000E-3
245,0.2450000E-3
246,0.2460000E-3
247,0.2610000E-3
248,0.2620000E-3
249,0.2630000E-3
250,0.2640000E-3
251,0.2650000E-3
252,0.2660000E-3
253,0.2670000E-3
254,0.2680000E-3
255,0.2700000E-3
256,0.2710000E-3
257,0.2720000E-3
258,0.2760000E-3
259,0.2770000E-3
260,0.2780000E-3
261,0.2790000E-3
262,0.2800000E-3
263,0.2810000E-3
264,0.2820000E-3
265,0.2830000E-3
266,0.2840000E-3
267,0.2850000E-3
268,0.2850000E-3
269,0.2860000E-3
270,0.2870000E-3
271,0.2880000E-3
272,0.2890000E-3
273,0.2910000E-3
274,0.2920000E-3
275,0.2930000E-3
276,0.2940000E-3
277,0.2950000E-3
278,0.2960000E-3
279,0.2970000E-3
280,0.2980000E-3
281,0.2990000E-3
282,0.3000000E-3
283,0.3010000E-3
284,0.3020000E-3
285,0.3030000E-3
286,0.3040000E-3
287,0.3050000E-3
288,0.3200000E-3
289,0.3220000E-3
290,0.3230000E-3
291,0.3240000E-3
292,0.3250000E-3
293,0.3260000E-3
294,0.3270000E-3
295,0.3280000E-3
296,0.3290000E-3
297,0.3300000E-3
298,0.3310000E-3
299,0.3320000E-3
300,0.3330000E-3
301,0.3340000E-3
302,0.3350000E-3
303,0.3350000E-3
304,0.3360000E-3
305,0.3370000E-3
306,0.3380000E-3
307,0.3390000E-3
308,0.3400000E-3
309,0.3410000E-3
310,0.3420000E-3
311,0.3430000E-3
312,0.3430000E-3
313,0.3440000E-3
314,0.3450000E-3
315,0.3460000E-3
316,0.3470000E-3
317,0.3480000E-3
318,0.3490000E-3
319,0.3500000E-3
320,0.3510000E-3
321,0.3520000E-3
322,0.3530000E-3
323,0.3540000E-3
324,0.3550000E-3
325,0.3550000E-3
326,0.3560000E-3
327,0.3570000E-3
328,0.3580000E-3
329,0.3590000E-3
330,0.3600000E-3
331,0.3610000E-3
332,0.3610000E-3
333,0.3620000E-3
334,0.3630000E-3
335,0.3640000E-3
336,0.3650000E-3
337,0.3660000E-3
338,0.3670000E-3
339,0.3670000E-3
340,0.3730000E-3
341,0.3740000E-3
342,0.3750000E-3
343,0.3760000E-3
344,0.3770000E-3
345,0.3780000E-3
346,0.3780000E-3
347,0.3790000E-3
348,0.3800000E-3
349,0.3810000E-3
350,0.3820000E-3
351,0.3830000E-3
352,0.3840000E-3
353,0.3850000E-3
354,0.3860000E-3
355,0.3870000E-3
356,0.3870000E-3
357,0.3880000E-3
358,0.3890000E-3
359,0.3900000E-3
360,0.3910000E-3
361,0.3920000E-3
362,0.3930000E-3
363,0.3940000E-3
364,0.3950000E-3
365,0.3960000E-3
366,0.3970000E-3
367,0.3980000E-3
368,0.3990000E-3
369,0.4000000E-3
370,0.4010000E-3
371,0.4010000E-3
372,0.4020000E-3
373,0.4030000E-3
374,0.4040000E-3
375,0.4050000E-3
376,0.4060000E-3
377,0.4070000E-3
378,0.4080000E-3
379,0.4090000E-3
380,0.4100000E-3
381,0.4110000E-3
382,0.4120000E-3
383,0.4130000E-3
384,0.4140000E-3
385,0.4150000E-3
386,0.4160000E-3
387,0.4170000E-3
388,0.4180000E-3
389,0.4180000E-3
390,0.4190000E-3
391,0.4200000E-3
392,0.4210000E-3
393,0.4220000E-3
394,0.4230000E-3
395,0.4240000E-3
396,0.4250000E-3
397,0.4250000E-3
398,0.4260000E-3
399,0.4270000E-3
400,0.4280000E-3
401,0.4290000E-3
402,0.4290000E-3
403,0.4300000E-3
404,0.4310000E-3
405,0.4320000E-3
406,0.4330000E-3
407,0.4340000E-3
408,0.4350000E-3
409,0.4360000E-3
410,0.4370000E-3
411,0.4370000E-3
412,0.4380000E-3
413,0.4390000E-3
414,0.4400000E-3
415,0.4410000E-3
416,0.4420000E-3
417,0.4430000E-3
418,0.4440000E-3
419,0.4450000E-3
420,0.4460000E-3
421,0.4470000E-3
422,0.4480000E-3
423,0.4490000E-3
424,0.4500000E-3
425,0.4510000E-3
426,0.4520000E-3
427,0.4530000E-3
428,0.4540000E-3
429,0.4550000E-3
430,0.4560000E-3
431,0.4570000E-3
432,0.4580000E-3
433,0.4590000E-3
434,0.4600000E-3
435,0.4610000E-3
436,0.4630000E-3
437,0.4640000E-3
438,0.4650000E-3
439,0.4660000E-3
440,0.4670000E-3
441,0.4680000E-3
442,0.4690000E-3
443,0.4700000E-3
444,0.4710000E-3
445,0.4720000E-3
446,0.4730000E-3
447,0.4740000E-3
448,0.4750000E-3
449,0.4760000E-3
450,0.4770000E-3
451,0.4780000E-3
452,0.4790000E-3
453,0.4800000E-3
454,0.4820000E-3
455,0.4830000E-3
456,0.4840000E-3
457,0.4850000E-3
458,0.4860000E-3
459,0.4870000E-3
460,0.4880000E-3
461,0.4890000E-3
462,0.4900000E-3
463,0.4910000E-3
464,0.4930000E-3
465,0.4940000E-3
466,0.4950000E-3
467,0.4970000E-3
468,0.4980000E-3
469,0.4990000E-3
470,0.5000000E-3
471,0.5010000E-3
472,0.5020000E-3
473,0.5030000E-3
474,0.5040000E-3
475,0.5050000E-3
476,0.5060000E-3
477,0.5070000E-3
478,0.5080000E-3
479,0.5090000E-3
480,0.5110000E-3
481,0.5120000E-3
482,0.5130000E-3
483,0.5140000E-3
484,0.5150000E-3
485,0.5160000E-3
486,0.5170000E-3
487,0.5180000E-3
488,0.5190000E-3
489,0.5200000E-3
490,0.5210000E-3
491,0.5220000E-3
492,0.5230000E-3
493,0.5240000E-3
494,0.5260000E-3
495,0.5270000E-3
496,0.5280000E-3
497,0.5290000E-3
498,0.5300000E-3
499,0.5320000E-3
500,0.5330000E-3
501,0.5340000E-3
502,0.5350000E-3
503,0.5360000E-3
504,0.5500000E-3
505,0.5510000E-3
506,0.5520000E-3
507,0.5530000E-3
508,0.5540000E-3
509,0.5560000E-3
510,0.5590000E-3
511,0.5600000E-3
512,0.5610000E-3
513,0.5620000E-3
514,0.5630000E-3
515,0.5640000E-3
516,0.5650000E-3
517,0.5660000E-3
518,0.5670000E-3
519,0.5680000E-3
520,0.5700000E-3
521,0.5710000E-3
522,0.5720000E-3
523,0.5730000E-3
524,0.5740000E-3
525,0.5750000E-3
526,0.5760000E-3
527,0.5770000E-3
528,0.5780000E-3
529,0.5790000E-3
530,0.5800000E-3
531,0.5810000E-3
532,0.5820000E-3
533,0.5840000E-3
534,0.5850000E-3
535,0.5860000E-3
536,0.5870000E-3
537,0.5880000E-3
538,0.5890000E-3
539,0.5900000E-3
540,0.5910000E-3
541,0.5920000E-3
542,0.5930000E-3
543,0.5940000E-3
544,0.5960000E-3
545,0.5970000E-3
546,0.5980000E-3
547,0.6000000E-3
548,0.6010000E-3
549,0.6020000E-3
550,0.6040000E-3
551,0.6050000E-3
552,0.6060000E-3
553,0.6080000E-3
554,0.6090000E-3
555,0.6100000E-3
556,0.6120000E-3
557,0.6130000E-3
558,0.6140000E-3
559,0.6150000E-3
560,0.6160000E-3
561,0.6170000E-3
562,0.6180000E-3
563,0.6190000E-3
564,0.6200000E-3
565,0.6210000E-3
566,0.6220000E-3
567,0.6230000E-3
568,0.6240000E-3
569,0.6250000E-3
570,0.6270000E-3
571,0.6280000E-3
572,0.6290000E-3
573,0.6300000E-3
574,0.6310000E-3
575,0.6330000E-3
576,0.6340000E-3
577,0.6350000E-3
578,0.6360000E-3
579,0.6370000E-3
580,0.6380000E-3
581,0.6390000E-3
582,0.6400000E-3
583,0.6410000E-3
584,0.6420000E-3
585,0.6430000E-3
586,0.6440000E-3
587,0.6450000E-3
588,0.6460000E-3
589,0.6470000E-3
590,0.6480000E-3
591,0.6490000E-3
592,0.6500000E-3
593,0.6510000E-3
594,0.6520000E-3
595,0.6530000E-3
596,0.6540000E-3
597,0.6550000E-3
598,0.6560000E-3
599,0.6570000E-3
600,0.6590000E-3
601,0.6600000E-3
602,0.6610000E-3
603,0.6620000E-3
604,0.6630000E-3
605,0.6650000E-3
606,0.6660000E-3
607,0.6680000E-3
608,0.6690000E-3
609,0.6700000E-3
610,0.6710000E-3
611,0.6720000E-3
612,0.6740000E-3
613,0.6750000E-3
614,0.6760000E-3
615,0.6770000E-3
616,0.6780000E-3
617,0.6800000E-3
618,0.6810000E-3
619,0.6830000E-3
620,0.6840000E-3
621,0.6850000E-3
622,0.6860000E-3
623,0.6870000E-3
624,0.6890000E-3
625,0.6900000E-3
626,0.6920000E-3
627,0.6930000E-3
628,0.6940000E-3
629,0.6960000E-3
630,0.6970000E-3
631,0.6980000E-3
632,0.6990000E-3
633,0.7000000E-3
634,0.7010000E-3
635,0.7020000E-3
636,0.7040000E-3
637,0.7050000E-3
638,0.7070000E-3
639,0.7080000E-3
640,0.7100000E-3
641,0.7110000E-3
642,0.7120000E-3
643,0.7130000E-3
644,0.7140000E-3
645,0.7160000E-3
646,0.7170000E-3
647,0.7190000E-3
648,0.7200000E-3
649,0.7220000E-3
650,0.7230000E-3
651,0.7250000E-3
652,0.7260000E-3
653,0.7270000E-3
654,0.7280000E-3
655,0.7290000E-3
656,0.7300000E-3
657,0.7310000E-3
658,0.7330000E-3
659,0.7340000E-3
660,0.7360000E-3
661,0.7370000E-3
662,0.7390000E-3
663,0.7400000E-3
664,0.7410000E-3
665,0.7420000E-3
666,0.7430000E-3
667,0.7450000E-3
668,0.7460000E-3
669,0.7480000E-3
670,0.7490000E-3
671,0.7510000E-3
672,0.7520000E-3
673,0.7540000E-3
674,0.7550000E-3
675,0.7570000E-3
676,0.7580000E-3
677,0.7600000E-3
678,0.7610000E-3
679,0.7630000E-3
680,0.7640000E-3
681,0.7650000E-3
682,0.7710000E-3
683,0.7770000E-3
684,0.7780000E-3
685,0.7800000E-3
686,0.7810000E-3
687,0.7830000E-3
688,0.7840000E-3
689,0.7850000E-3
690,0.7860000E-3
691,0.7870000E-3
692,0.7880000E-3
693,0.7890000E-3
694,0.7900000E-3
695,0.7910000E-3
696,0.7920000E-3
697,0.7930000E-3
698,0.7950000E-3
699,0.7960000E-3
700,0.7980000E-3
701,0.7990000E-3
702,0.8010000E-3
703,0.8020000E-3
704,0.8040000E-3
705,0.8050000E-3
706,0.8070000E-3
707,0.8080000E-3
708,0.8100000E-3
709,0.8110000E-3
710,0.8130000E-3
711,0.8140000E-3
712,0.8160000E-3
713,0.8170000E-3
714,0.8190000E-3
715,0.8200000E-3
716,0.8210000E-3
717,0.8220000E-3
718,0.8230000E-3
719,0.8240000E-3
720,0.8250000E-3
721,0.8260000E-3
722,0.8270000E-3
723,0.8280000E-3
724,0.8290000E-3
725,0.8310000E-3
726,0.8320000E-3
727,0.8340000E-3
728,0.8350000E-3
729,0.8370000E-3
730,0.8380000E-3
731,0.8400000E-3
732,0.8410000E-3
733,0.8420000E-3
734,0.8430000E-3
735,0.8440000E-3
736,0.8460000E-3
737,0.8470000E-3
738,0.8480000E-3
739,0.8500000E-3
740,0.8520000E-3
741,0.8660000E-3
742,0.8680000E-3
743,0.8700000E-3
744,0.8720000E-3
745,0.8730000E-3
746,0.8750000E-3
747,0.8760000E-3
748,0.8770000E-3
749,0.8790000E-3
750,0.8800000E-3
751,0.8810000E-3
752,0.8830000E-3
753,0.8840000E-3
754,0.8850000E-3
755,0.8870000E-3
756,0.8880000E-3
757,0.8890000E-3
758,0.8910000E-3
759,0.8920000E-3
760,0.8940000E-3
761,0.8960000E-3
762,0.8970000E-3
763,0.8990000E-3
764,0.9010000E-3
765,0.9020000E-3
766,0.9040000E-3
767,0.9190000E-3
768,0.9210000E-3
769,0.9230000E-3
770,0.9240000E-3
771,0.9250000E-3
772,0.9270000E-3
773,0.9290000E-3
774,0.9300000E-3
775,0.9310000E-3
776,0.9320000E-3
777,0.9340000E-3
778,0.9360000E-3
779,0.9380000E-3
780,0.9400000E-3
781,0.9410000E-3
782,0.9430000E-3
783,0.9450000E-3
784,0.9470000E-3
785,0.9490000E-3
786,0.9500000E-3
787,0.9510000E-3
788,0.9520000E-3
789,0.9540000E-3
790,0.9560000E-3
791,0.9580000E-3
792,0.9590000E-3
793,0.9600000E-3
794,0.9610000E-3
795,0.9630000E-3
796,0.9650000E-3
797,0.9670000E-3
798,0.9690000E-3
799,0.9700000E-3
800,0.9710000E-3
801,0.9730000E-3
802,0.9750000E-3
803,0.9770000E-3
804,0.9780000E-3
805,0.9790000E-3
806,0.9800000E-3
807,0.9810000E-3
808,0.9830000E-3
809,0.9850000E-3
810,0.9870000E-3
811,0.9890000E-3
812,0.9910000E-3
813,0.9920000E-3
814,0.9930000E-3
815,0.1014000E-2
816,0.1016000E-2
817,0.1018000E-2
818,0.1020000E-2
819,0.1021000E-2
820,0.1022000E-2
821,0.1024000E-2
822,0.1033000E-2
823,0.1035000E-2
824,0.1037000E-2
825,0.1039000E-2
826,0.1041000E-2
827,0.1043000E-2
828,0.1045000E-2
829,0.1047000E-2
830,0.1049000E-2
831,0.1050000E-2
832,0.1064000E-2
833,0.1066000E-2
834,0.1067000E-2
835,0.1068000E-2
836,0.1069000E-2
837,0.1070000E-2
838,0.1071000E-2
839,0.1072000E-2
840,0.1073000E-2
841,0.1074000E-2
842,0.1091000E-2
843,0.1093000E-2
844,0.1095000E-2
845,0.1097000E-2
846,0.1099000E-2
847,0.1101000E-2
848,0.1103000E-2
849,0.1105000E-2
850,0.1106000E-2
851,0.1108000E-2
852,0.1113000E-2
853,0.1115000E-2
854,0.1117000E-2
855,0.1133000E-2
856,0.1135000E-2
857,0.1137000E-2
858,0.1139000E-2
859,0.1142000E-2
860,0.1145000E-2
861,0.1148000E-2
862,0.1150000E-2
863,0.1152000E-2
864,0.1155000E-2
865,0.1157000E-2
866,0.1172000E-2
867,0.1174000E-2
868,0.1189000E-2
869,0.1191000E-2
870,0.1193000E-2
871,0.1195000E-2
872,0.1198000E-2
873,0.1199000E-2
874,0.1200000E-2
875,0.1201000E-2
876,0.1202000E-2
877,0.1204000E-2
878,0.1206000E-2
879,0.1208000E-2
880,0.1210000E-2
881,0.1230000E-2
882,0.1232000E-2
883,0.1234000E-2
884,0.1236000E-2
885,0.1238000E-2
886,0.1240000E-2
887,0.1242000E-2
888,0.1244000E-2
889,0.1246000E-2
890,0.1247000E-2
891,0.1249000E-2
892,0.1263000E-2
893,0.1265000E-2
894,0.1266000E-2
895,0.1267000E-2
896,0.1268000E-2
897,0.1269000E-2
898,0.1271000E-2
899,0.1273000E-2
900,0.1275000E-2
901,0.1277000E-2
902,0.1279000E-2
903,0.1281000E-2
904,0.1282000E-2
905,0.1283000E-2
906,0.1284000E-2
907,0.1285000E-2
908,0.1287000E-2
909,0.1289000E-2
910,0.1291000E-2
911,0.1293000E-2
912,0.1295000E-2
913,0.1297000E-2
914,0.1299000E-2
915,0.1300000E-2
916,0.1301000E-2
917,0.1302000E-2
918,0.1304000E-2
919,0.1305000E-2
920,0.1306000E-2
921,0.1308000E-2
922,0.1310000E-2
923,0.1312000E-2
924,0.1314000E-2
925,0.1316000E-2
926,0.1318000E-2
927,0.1320000E-2
928,0.1322000E-2
929,0.1324000E-2
930,0.1326000E-2
931,0.1327000E-2
932,0.1328000E-2
933,0.1329000E-2
934,0.1331000E-2
935,0.1333000E-2
936,0.1335000E-2
937,0.1337000E-2
938,0.1339000E-2
939,0.1341000E-2
940,0.1343000E-2
941,0.1345000E-2
942,0.1347000E-2
943,0.1349000E-2
944,0.1351000E-2
945,0.1353000E-2
946,0.1355000E-2
947,0.1357000E-2
948,0.1359000E-2
949,0.1361000E-2
950,0.1363000E-2
951,0.1365000E-2
952,0.1366000E-2
953,0.1367000E-2
954,0.1368000E-2
955,0.1370000E-2
956,0.1372000E-2
957,0.1374000E-2
958,0.1376000E-2
959,0.1378000E-2
960,0.1380000E-2
961,0.1382000E-2
962,0.1384000E-2
963,0.1386000E-2
964,0.1388000E-2
965,0.1390000E-2
966,0.1391000E-2
967,0.1392000E-2
968,0.1393000E-2
969,0.1394000E-2
970,0.1396000E-2
971,0.1398000E-2
972,0.1400000E-2
973,0.1402000E-2
974,0.1404000E-2
975,0.1406000E-2
976,0.1408000E-2
977,0.1409000E-2
978,0.1411000E-2
979,0.1412000E-2
980,0.1413000E-2
981,0.1417000E-2
982,0.1420000E-2
983,0.1422000E-2
984,0.1424000E-2
985,0.1426000E-2
986,0.1428000E-2
987,0.1430000E-2
988,0.1432000E-2
989,0.1434000E-2
990,0.1436000E-2
991,0.1438000E-2
992,0.1440000E-2
993,0.1442000E-2
994,0.1444000E-2
995,0.1446000E-2
996,0.1448000E-2
997,0.1450000E-2
998,0.1452000E-2
999,0.1454000E-2
1000,0.1457000E-2
1001,0.1459000E-2
1002,0.1461000E-2
1003,0.1463000E-2
1004,0.1465000E-2
1005,0.1467000E-2
1006,0.1469000E-2
1007,0.1471000E-2
1008,0.1474000E-2
1009,0.1476000E-2
1010,0.1478000E-2
 ---
101,0.1000000E-5
102,0.2000000E-5
103,0.3000000E-5
104,0.4000000E-5
105,0.5000000E-5
106,0.6000000E-5
107,0.7000000E-5
108,0.7000000E-5
109,0.7000000E-5
110,0.8000000E-5
111,0.9000000E-5
112,0.1000000E-4
113,0.1100000E-4
114,0.1100000E-4
115,0.1100000E-4
116,0.1100000E-4
117,0.1200000E-4
118,0.1300000E-4
119,0.1400000E-4
120,0.1500000E-4
121,0.1500000E-4
122,0.1500000E-4
123,0.1500000E-4
124,0.1600000E-4
125,0.1700000E-4
126,0.1800000E-4
127,0.1900000E-4
128,0.1900000E-4
129,0.1900000E-4
130,0.2000000E-4
131,0.2100000E-4
132,0.2200000E-4
133,0.2300000E-4
134,0.2400000E-4
135,0.2500000E-4
136,0.2600000E-4
137,0.2700000E-4
138,0.2800000E-4
139,0.2900000E-4
140,0.3000000E-4
141,0.3100000E-4
142,0.3200000E-4
143,0.3300000E-4
144,0.3400000E-4
145,0.3500000E-4
146,0.3600000E-4
147,0.3700000E-4
148,0.3800000E-4
149,0.3900000E-4
150,0.4000000E-4
151,0.4100000E-4
152,0.4200000E-4
153,0.4300000E-4
154,0.4300000E-4
155,0.4400000E-4
156,0.4500000E-4
157,0.4500000E-4
158,0.4600000E-4
159,0.4700000E-4
160,0.4800000E-4
161,0.4900000E-4
162,0.4900000E-4
163,0.5000000E-4
164,0.5100000E-4
165,0.5100000E-4
166,0.5200000E-4
167,0.5300000E-4
168,0.5400000E-4
169,0.5500000E-4
170,0.5500000E-4
171,0.5600000E-4
172,0.5700000E-4
173,0.5800000E-4
174,0.5900000E-4
175,0.5900000E-4
176,0.6000000E-4
177,0.6100000E-4
178,0.6200000E-4
179,0.6400000E-4
180,0.6500000E-4
181,0.6500000E-4
182,0.6600000E-4
183,0.6700000E-4
184,0.6800000E-4
185,0.6900000E-4
186,0.7000000E-4
187,0.7100000E-4
188,0.7200000E-4
189,0.7300000E-4
190,0.7400000E-4
191,0.7500000E-4
192,0.7600000E-4
193,0.7700000E-4
194,0.7800000E-4
195,0.7900000E-4
196,0.8000000E-4
197,0.8100000E-4
198,0.8200000E-4
199,0.8300000E-4
200,0.8400000E-4
201,0.8500000E-4
202,0.8600000E-4
203,0.8700000E-4
204,0.8800000E-4
205,0.8900000E-4
206,0.9000000E-4
207,0.9100000E-4
208,0.9200000E-4
209,0.9300000E-4
210,0.9400000E-4
211,0.9500000E-4
212,0.9700000E-4
213,0.9800000E-4
214,0.9900000E-4
215,0.1010000E-3
216,0.1030000E-3
217,0.1040000E-3
218,0.1050000E-3
219,0.1060000E-3
220,0.1080000E-3
221,0.1090000E-3
222,0.1110000E-3
223,0.1120000E-3
224,0.1140000E-3
225,0.1150000E-3
226,0.1160000E-3
227,0.1180000E-3
228,0.1190000E-3
229,0.1210000E-3
230,0.1220000E-3
231,0.1230000E-3
232,0.1250000E-3
233,0.1260000E-3
234,0.1270000E-3
235,0.1280000E-3
236,0.1290000E-3
237,0.1310000E-3
238,0.1320000E-3
239,0.1330000E-3
240,0.1340000E-3
241,0.1350000E-3
242,0.1360000E-3
243,0.1370000E-3
244,0.1380000E-3
245,0.1390000E-3
246,0.1400000E-3
247,0.1410000E-3
248,0.1420000E-3
249,0.1420000E-3
250,0.1430000E-3
251,0.1440000E-3
252,0.1450000E-3
253,0.1460000E-3
254,0.1470000E-3
255,0.1480000E-3
256,0.1490000E-3
257,0.1500000E-3
258,0.1510000E-3
259,0.1520000E-3
260,0.1530000E-3
261,0.1540000E-3
262,0.1560000E-3
263,0.1570000E-3
264,0.1580000E-3
265,0.1590000E-3
266,0.1740000E-3
267,0.1750000E-3
268,0.1770000E-3
269,0.1780000E-3
270,0.1790000E-3
271,0.1800000E-3
272,0.1810000E-3
273,0.1820000E-3
274,0.1840000E-3
275,0.1850000E-3
276,0.1860000E-3
277,0.1870000E-3
278,0.1880000E-3
279,0.1890000E-3
280,0.1910000E-3
281,0.1930000E-3
282,0.1940000E-3
283,0.1950000E-3
284,0.1960000E-3
285,0.1980000E-3
286,0.2000000E-3
287,0.2010000E-3
288,0.2030000E-3
289,0.2050000E-3
290,0.2060000E-3
291,0.2070000E-3
292,0.2080000E-3
293,0.2090000E-3
294,0.2120000E-3
295,0.2130000E-3
296,0.2150000E-3
297,0.2170000E-3
298,0.2180000E-3
299,0.2200000E-3
300,0.2220000E-3
301,0.2240000E-3
302,0.2260000E-3
303,0.2280000E-3
304,0.2290000E-3
305,0.2300000E-3
306,0.2320000E-3
307,0.2330000E-3
308,0.2350000E-3
309,0.2370000E-3
310,0.2380000E-3
311,0.2430000E-3
312,0.2440000E-3
313,0.2460000E-3
314,0.2470000E-3
315,0.2480000E-3
316,0.2490000E-3
317,0.2500000E-3
318,0.2510000E-3
319,0.2520000E-3
320,0.2530000E-3
321,0.2540000E-3
322,0.2550000E-3
323,0.2570000E-3
324,0.2580000E-3
325,0.2590000E-3
326,0.2610000E-3
327,0.2620000E-3
328,0.2630000E-3
329,0.2640000E-3
330,0.2650000E-3
331,0.2660000E-3
332,0.2680000E-3
333,0.2700000E-3
334,0.2710000E-3
335,0.2720000E-3
336,0.2740000E-3
337,0.2750000E-3
338,0.2760000E-3
339,0.2780000E-3
340,0.2790000E-3
341,0.2800000E-3
342,0.2830000E-3
343,0.2840000E-3
344,0.2850000E-3
345,0.2860000E-3
346,0.2870000E-3
347,0.2880000E-3
348,0.2890000E-3
349,0.2900000E-3
350,0.2910000E-3
351,0.2920000E-3
352,0.2930000E-3
353,0.2940000E-3
354,0.2950000E-3
355,0.2960000E-3
356,0.2970000E-3
357,0.2980000E-3
358,0.2990000E-3
359,0.3000000E-3
360,0.3010000E-3
361,0.3030000E-3
362,0.3040000E-3
363,0.3050000E-3
364,0.3060000E-3
365,0.3070000E-3
366,0.3080000E-3
367,0.3100000E-3
368,0.3120000E-3
369,0.3130000E-3
370,0.3140000E-3
371,0.3160000E-3
372,0.3170000E-3
373,0.3180000E-3
374,0.3190000E-3
375,0.3210000E-3
376,0.3230000E-3
377,0.3240000E-3
378,0.3250000E-3
379,0.3260000E-3
380,0.3270000E-3
381,0.3280000E-3
382,0.3300000E-3
383,0.3320000E-3
384,0.3340000E-3
385,0.3360000E-3
386,0.3380000E-3
387,0.3390000E-3
388,0.3400000E-3
389,0.3410000E-3
390,0.3420000E-3
391,0.3430000E-3
392,0.3440000E-3
393,0.3450000E-3
394,0.3460000E-3
395,0.3480000E-3
396,0.3490000E-3
397,0.3500000E-3
398,0.3510000E-3
399,0.3530000E-3
400,0.3540000E-3
401,0.3550000E-3
402,0.3560000E-3
403,0.3570000E-3
404,0.3590000E-3
405,0.3600000E-3
406,0.3620000E-3
407,0.3630000E-3
408,0.3650000E-3
409,0.3660000E-3
410,0.3670000E-3
411,0.3680000E-3
412,0.3700000E-3
413,0.3720000E-3
414,0.3740000E-3
415,0.3750000E-3
416,0.3760000E-3
417,0.3770000E-3
418,0.3780000E-3
419,0.3790000E-3
420,0.3800000E-3
421,0.3810000E-3
422,0.3820000E-3
423,0.3830000E-3
424,0.3840000E-3
425,0.3850000E-3
426,0.3860000E-3
427,0.3870000E-3
428,0.3880000E-3
429,0.3890000E-3
430,0.3900000E-3
431,0.3920000E-3
432,0.3930000E-3
433,0.3940000E-3
434,0.4130000E-3
435,0.4140000E-3
436,0.4150000E-3
437,0.4160000E-3
438,0.4180000E-3
439,0.4200000E-3
440,0.4220000E-3
441,0.4240000E-3
442,0.4260000E-3
443,0.4270000E-3
444,0.4280000E-3
445,0.4300000E-3
446,0.4320000E-3
447,0.4340000E-3
448,0.4360000E-3
449,0.4380000E-3
450,0.4400000E-3
451,0.4410000E-3
452,0.4430000E-3
453,0.4440000E-3
454,0.4450000E-3
455,0.4460000E-3
456,0.4470000E-3
457,0.4490000E-3
458,0.4510000E-3
459,0.4520000E-3
460,0.4530000E-3
461,0.4550000E-3
462,0.4560000E-3
463,0.4580000E-3
464,0.4590000E-3
465,0.4600000E-3
466,0.4610000E-3
467,0.4620000E-3
468,0.4630000E-3
469,0.4640000E-3
470,0.4660000E-3
471,0.4680000E-3
472,0.4700000E-3
473,0.4710000E-3
474,0.4720000E-3
475,0.4730000E-3
476,0.4740000E-3
477,0.4760000E-3
478,0.4770000E-3
479,0.4970000E-3
480,0.4990000E-3
481,0.5010000E-3
482,0.5030000E-3
483,0.5050000E-3
484,0.5070000E-3
485,0.5090000E-3
486,0.5100000E-3
487,0.5120000E-3
488,0.5140000E-3
489,0.5160000E-3
490,0.5170000E-3
491,0.5180000E-3
492,0.5200000E-3
493,0.5220000E-3
494,0.5230000E-3
495,0.5240000E-3
496,0.5250000E-3
497,0.5260000E-3
498,0.5280000E-3
499,0.5300000E-3
500,0.5320000E-3
501,0.5340000E-3
502,0.5360000E-3
503,0.5370000E-3
504,0.5380000E-3
505,0.5390000E-3
506,0.5400000E-3
507,0.5410000E-3
508,0.5420000E-3
509,0.5430000E-3
510,0.5440000E-3
511,0.5450000E-3
512,0.5470000E-3
513,0.5490000E-3
514,0.5500000E-3
515,0.5510000E-3
516,0.5710000E-3
517,0.5720000E-3
518,0.5740000E-3
519,0.5750000E-3
520,0.5760000E-3
521,0.5780000E-3
522,0.5790000E-3
523,0.5810000E-3
524,0.5830000E-3
525,0.5850000E-3
526,0.5870000E-3
527,0.5880000E-3
528,0.5900000E-3
529,0.5920000E-3
530,0.5930000E-3
531,0.5950000E-3
532,0.5960000E-3
533,0.5980000E-3
534,0.6000000E-3
535,0.6010000E-3
536,0.6020000E-3
537,0.6040000E-3
538,0.6050000E-3
539,0.6060000E-3
540,0.6070000E-3
541,0.6080000E-3
542,0.6090000E-3
543,0.6110000E-3
544,0.6130000E-3
545,0.6150000E-3
546,0.6170000E-3
547,0.6180000E-3
548,0.6190000E-3
549,0.6210000E-3
550,0.6230000E-3
551,0.6240000E-3
552,0.6280000E-3
553,0.6290000E-3
554,0.6310000E-3
555,0.6320000E-3
556,0.6330000E-3
557,0.6340000E-3
558,0.6350000E-3
559,0.6370000E-3
560,0.6380000E-3
561,0.6400000E-3
562,0.6410000E-3
563,0.6430000E-3
564,0.6440000E-3
565,0.6460000E-3
566,0.6470000E-3
567,0.6480000E-3
568,0.6490000E-3
569,0.6500000E-3
570,0.6510000E-3
571,0.6520000E-3
572,0.6530000E-3
573,0.6540000E-3
574,0.6550000E-3
575,0.6560000E-3
576,0.6580000E-3
577,0.6590000E-3
578,0.6600000E-3
579,0.6610000E-3
580,0.6620000E-3
581,0.6630000E-3
582,0.6640000E-3
583,0.6660000E-3
584,0.6670000E-3
585,0.6680000E-3
586,0.6690000E-3
587,0.6700000E-3
588,0.6720000E-3
589,0.6730000E-3
590,0.6750000E-3
591,0.6760000E-3
592,0.6770000E-3
593,0.6780000E-3
594,0.6790000E-3
595,0.6810000E-3
596,0.6820000E-3
597,0.6830000E-3
598,0.6850000E-3
599,0.6860000E-3
600,0.6870000E-3
601,0.6880000E-3
602,0.6890000E-3
603,0.6910000E-3
604,0.6920000E-3
605,0.6930000E-3
606,0.6940000E-3
607,0.6960000E-3
608,0.6980000E-3
609,0.6990000E-3
610,0.7000000E-3
611,0.7010000E-3
612,0.7020000E-3
613,0.7030000E-3
614,0.7040000E-3
615,0.7060000E-3
616,0.7080000E-3
617,0.7090000E-3
618,0.7100000E-3
619,0.7120000E-3
620,0.7140000E-3
621,0.7160000E-3
622,0.7170000E-3
623,0.7190000E-3
624,0.7210000E-3
625,0.7220000E-3
626,0.7240000E-3
627,0.7260000E-3
628,0.7270000E-3
629,0.7290000E-3
630,0.7310000E-3
631,0.7320000E-3
632,0.7330000E-3
633,0.7350000E-3
634,0.7370000E-3
635,0.7390000E-3
636,0.7410000E-3
637,0.7430000E-3
638,0.7440000E-3
639,0.7460000E-3
640,0.7480000E-3
641,0.7490000E-3
642,0.7510000E-3
643,0.7530000E-3
644,0.7540000E-3
645,0.7560000E-3
646,0.7580000E-3
647,0.7590000E-3
648,0.7610000E-3
649,0.7630000E-3
650,0.7640000E-3
651,0.7660000E-3
652,0.7680000E-3
653,0.7690000E-3
654,0.7710000E-3
655,0.7720000E-3
656,0.7740000E-3
657,0.7750000E-3
658,0.7770000E-3
659,0.7790000E-3
660,0.7810000E-3
661,0.7830000E-3
662,0.7850000E-3
663,0.7860000E-3
664,0.7880000E-3
665,0.7900000E-3
666,0.7920000E-3
667,0.7940000E-3
668,0.7960000E-3
669,0.7980000E-3
670,0.8000000E-3
671,0.8010000E-3
672,0.8030000E-3
673,0.8050000E-3
674,0.8070000E-3
675,0.8090000E-3
676,0.8100000E-3
677,0.8120000E-3
678,0.8140000E-3
679,0.8150000E-3
680,0.8170000E-3
681,0.8190000E-3
682,0.8210000E-3
683,0.8220000E-3
684,0.8240000E-3
685,0.8260000E-3
686,0.8270000E-3
687,0.8290000E-3
688,0.8310000E-3
689,0.8330000E-3
690,0.8350000E-3
691,0.8550000E-3
692,0.8570000E-3
693,0.8580000E-3
694,0.8590000E-3
695,0.8600000E-3
696,0.8620000E-3
697,0.8640000E-3
698,0.8660000E-3
699,0.8680000E-3
700,0.8700000E-3
701,0.8720000E-3
702,0.8740000E-3
703,0.8760000E-3
704,0.8780000E-3
705,0.8800000E-3
706,0.8820000E-3
707,0.8840000E-3
708,0.8860000E-3
709,0.8880000E-3
710,0.8900000E-3
711,0.8920000E-3
712,0.8940000E-3
713,0.8960000E-3
714,0.8980000E-3
715,0.9000000E-3
716,0.9020000E-3
717,0.9040000E-3
718,0.9060000E-3
719,0.9080000E-3
720,0.9100000E-3
721,0.9120000E-3
722,0.9140000E-3
723,0.9150000E-3
724,0.9170000E-3
725,0.9190000E-3
726,0.9210000E-3
727,0.9230000E-3
728,0.9250000E-3
729,0.9270000E-3
730,0.9290000E-3
731,0.9310000E-3
732,0.9330000E-3
733,0.9350000E-3
734,0.9370000E-3
735,0.9550000E-3
736,0.9570000E-3
737,0.9590000E-3
738,0.9610000E-3
739,0.9620000E-3
740,0.9640000E-3
741,0.9650000E-3
742,0.9670000E-3
743,0.9680000E-3
744,0.9700000E-3
745,0.9720000E-3
746,0.9740000E-3
747,0.9760000E-3
748,0.9780000E-3
749,0.9790000E-3
750,0.9810000E-3
751,0.9830000E-3
752,0.9840000E-3
753,0.9860000E-3
754,0.9870000E-3
755,0.9890000E-3
756,0.9910000E-3
757,0.9930000E-3
758,0.9950000E-3
759,0.9970000E-3
760,0.9990000E-3
761,0.1002000E-2
762,0.1004000E-2
763,0.1006000E-2
764,0.1008000E-2
765,0.1010000E-2
766,0.1012000E-2
767,0.1013000E-2
768,0.1015000E-2
769,0.1017000E-2
770,0.1018000E-2
771,0.1020000E-2
772,0.1022000E-2
773,0.1024000E-2
774,0.1025000E-2
775,0.1027000E-2
776,0.1029000E-2
777,0.1030000E-2
778,0.1032000E-2
779,0.1034000E-2
780,0.1036000E-2
781,0.1037000E-2
782,0.1039000E-2
783,0.1041000E-2
784,0.1043000E-2
785,0.1044000E-2
786,0.1046000E-2
787,0.1048000E-2
788,0.1049000E-2
789,0.1050000E-2
790,0.1052000E-2
791,0.1054000E-2
792,0.1055000E-2
793,0.1060000E-2
794,0.1062000E-2
795,0.1064000E-2
796,0.1066000E-2
797,0.1068000E-2
798,0.1070000E-2
799,0.1072000E-2
800,0.1074000E-2
801,0.1076000E-2
802,0.1078000E-2
803,0.1079000E-2
804,0.1081000E-2
805,0.1083000E-2
806,0.1084000E-2
807,0.1086000E-2
808,0.1088000E-2
809,0.1090000E-2
810,0.1092000E-2
811,0.1094000E-2
812,0.1096000E-2
813,0.1124000E-2
814,0.1128000E-2
815,0.1130000E-2
816,0.1132000E-2
817,0.1134000E-2
818,0.1136000E-2
819,0.1139000E-2
820,0.1141000E-2
821,0.1143000E-2
822,0.1145000E-2
823,0.1147000E-2
824,0.1149000E-2
825,0.1151000E-2
826,0.1153000E-2
827,0.1154000E-2
828,0.1156000E-2
829,0.1158000E-2
830,0.1160000E-2
831,0.1163000E-2
832,0.1165000E-2
833,0.1167000E-2
834,0.1169000E-2
835,0.1171000E-2
836,0.1175000E-2
837,0.1177000E-2
838,0.1178000E-2
839,0.1180000E-2
840,0.1182000E-2
841,0.1183000E-2
842,0.1187000E-2
843,0.1189000E-2
844,0.1191000E-2
845,0.1193000E-2
846,0.1195000E-2
847,0.1197000E-2
848,0.1199000E-2
849,0.1200000E-2
850,0.1202000E-2
851,0.1204000E-2
852,0.1206000E-2
853,0.1208000E-2
854,0.1210000E-2
855,0.1212000E-2
856,0.1213000E-2
857,0.1215000E-2
858,0.1217000E-2
859,0.1219000E-2
860,0.1222000E-2
861,0.1224000E-2
862,0.1226000E-2
863,0.1228000E-2
864,0.1230000E-2
865,0.1232000E-2
866,0.1233000E-2
867,0.1235000E-2
868,0.1237000E-2
869,0.1239000E-2
870,0.1241000E-2
871,0.1242000E-2
872,0.1244000E-2
873,0.1246000E-2
874,0.1248000E-2
875,0.1250000E-2
876,0.1252000E-2
877,0.1254000E-2
878,0.1258000E-2
879,0.1260000E-2
880,0.1262000E-2
881,0.1264000E-2
882,0.1266000E-2
883,0.1268000E-2
884,0.1270000E-2
885,0.1272000E-2
886,0.1274000E-2
887,0.1276000E-2
888,0.1278000E-2
889,0.1280000E-2
890,0.1282000E-2
891,0.1284000E-2
892,0.1286000E-2
893,0.1288000E-2
894,0.1290000E-2
895,0.1292000E-2
896,0.1294000E-2
897,0.1296000E-2
898,0.1298000E-2
899,0.1300000E-2
900,0.1302000E-2
901,0.1303000E-2
902,0.1305000E-2
903,0.1307000E-2
904,0.1309000E-2
905,0.1311000E-2
906,0.1313000E-2
907,0.1316000E-2
908,0.1318000E-2
909,0.1320000E-2
910,0.1322000E-2
911,0.1324000E-2
912,0.1326000E-2
913,0.1328000E-2
914,0.1330000E-2
915,0.1332000E-2
916,0.1334000E-2
917,0.1336000E-2
918,0.1338000E-2
919,0.1340000E-2
920,0.1342000E-2
921,0.1345000E-2
922,0.1347000E-2
923,0.1349000E-2
924,0.1351000E-2
925,0.1353000E-2
926,0.1357000E-2
927,0.1359000E-2
928,0.1361000E-2
929,0.1363000E-2
930,0.1365000E-2
931,0.1367000E-2
932,0.1370000E-2
933,0.1372000E-2
934,0.1374000E-2
935,0.1376000E-2
936,0.1378000E-2
937,0.1382000E-2
938,0.1384000E-2
939,0.1386000E-2
940,0.1387000E-2
941,0.1389000E-2
942,0.1390000E-2
943,0.1392000E-2
944,0.1397000E-2
945,0.1399000E-2
946,0.1401000E-2
947,0.1402000E-2
948,0.1404000E-2
949,0.1406000E-2
950,0.1408000E-2
951,0.1410000E-2
952,0.1412000E-2
953,0.1413000E-2
954,0.1416000E-2
955,0.1418000E-2
956,0.1420000E-2
957,0.1422000E-2
958,0.1424000E-2
959,0.1426000E-2
960,0.1428000E-2
961,0.1431000E-2
962,0.1433000E-2
963,0.1435000E-2
964,0.1437000E-2
965,0.1439000E-2
966,0.1442000E-2
967,0.1445000E-2
968,0.1448000E-2
969,0.1451000E-2
970,0.1453000E-2
971,0.1455000E-2
972,0.1457000E-2
973,0.1459000E-2
974,0.1462000E-2
975,0.1464000E-2
976,0.1467000E-2
977,0.1469000E-2
978,0.1471000E-2
979,0.1473000E-2
980,0.1475000E-2
981,0.1477000E-2
982,0.1479000E-2
983,0.1482000E-2
984,0.1484000E-2
985,0.1486000E-2
986,0.1488000E-2
987,0.1491000E-2
988,0.1493000E-2
989,0.1496000E-2
990,0.1498000E-2
991,0.1500000E-2
992,0.1502000E-2
993,0.1505000E-2
994,0.1507000E-2
995,0.1509000E-2
996,0.1511000E-2
997,0.1513000E-2
998,0.1517000E-2
999,0.1520000E-2
1000,0.1522000E-2
1001,0.1525000E-2
1002,0.1528000E-2
1003,0.1531000E-2
1004,0.1533000E-2
1005,0.1535000E-2
1006,0.1537000E-2
1007,0.1539000E-2
1008,0.1542000E-2
1009,0.1545000E-2
1010,0.1548000E-2
1011,0.1551000E-2
1012,0.1553000E-2
1013,0.1555000E-2
1014,0.1557000E-2
1015,0.1559000E-2
1016,0.1561000E-2
1017,0.1563000E-2
1018,0.1565000E-2
1019,0.1567000E-2
1020,0.1592000E-2
1021,0.1595000E-2
1022,0.1600000E-2
1023,0.1603000E-2
1024,0.1605000E-2
1025,0.1608000E-2
1026,0.1611000E-2
1027,0.1613000E-2
1028,0.1617000E-2
1029,0.1619000E-2
1030,0.1621000E-2
1031,0.1623000E-2
1032,0.1627000E-2
1033,0.1632000E-2
1034,0.1634000E-2
1035,0.1635000E-2
1036,0.1637000E-2
1037,0.1639000E-2
1038,0.1641000E-2
1039,0.1642000E-2
1040,0.1644000E-2
1041,0.1646000E-2
1042,0.1648000E-2
1043,0.1649000E-2
1044,0.1651000E-2
1045,0.1653000E-2
1046,0.1654000E-2
1047,0.1656000E-2
1048,0.1658000E-2
1049,0.1660000E-2
1050,0.1662000E-2
1051,0.1664000E-2
1052,0.1666000E-2
1053,0.1668000E-2
1054,0.1670000E-2
1055,0.1672000E-2
1056,0.1673000E-2
1057,0.1675000E-2
1058,0.1677000E-2
1059,0.1678000E-2
1060,0.1680000E-2
1061,0.1682000E-2
1062,0.1684000E-2
1063,0.1686000E-2
1064,0.1688000E-2
1065,0.1690000E-2
1066,0.1692000E-2
1067,0.1694000E-2
1068,0.1696000E-2
1069,0.1698000E-2
1070,0.1700000E-2
1071,0.1702000E-2
1072,0.1704000E-2
1073,0.1706000E-2
1074,0.1708000E-2
1075,0.1710000E-2
1076,0.1712000E-2
1077,0.1714000E-2
1078,0.1716000E-2
1079,0.1717000E-2
1080,0.1719000E-2
1081,0.1721000E-2
1082,0.1723000E-2
1083,0.1725000E-2
1084,0.1727000E-2
1085,0.1729000E-2
1086,0.1730000E-2
1087,0.1732000E-2
1088,0.1734000E-2
1089,0.1736000E-2
1090,0.1738000E-2
1091,0.1740000E-2
1092,0.1742000E-2
1093,0.1744000E-2
1094,0.1746000E-2
1095,0.1748000E-2
1096,0.1750000E-2
1097,0.1752000E-2
1098,0.1754000E-2
1099,0.1756000E-2
1100,0.1758000E-2
 ---
1001,0.2000000E-5
1002,0.4000000E-5
1003,0.6000000E-5
1004,0.8000000E-5
1005,0.1000000E-4
1006,0.1200000E-4
1007,0.1400000E-4
1008,0.1600000E-4
1009,0.1800000E-4
1010,0.2000000E-4
1011,0.2200000E-4
1012,0.2400000E-4
1013,0.2500000E-4
1014,0.2700000E-4
1015,0.2900000E-4
1016,0.3100000E-4
1017,0.3300000E-4
1018,0.3400000E-4
1019,0.3600000E-4
1020,0.3800000E-4
1021,0.4000000E-4
1022,0.4200000E-4
1023,0.5100000E-4
1024,0.5300000E-4
1025,0.5500000E-4
1026,0.5800000E-4
1027,0.5900000E-4
1028,0.6100000E-4
1029,0.6300000E-4
1030,0.6500000E-4
1031,0.6700000E-4
1032,0.6900000E-4
1033,0.7100000E-4
1034,0.7300000E-4
1035,0.7500000E-4
1036,0.7600000E-4
1037,0.7800000E-4
1038,0.8000000E-4
1039,0.8200000E-4
1040,0.8300000E-4
1041,0.8400000E-4
1042,0.8600000E-4
1043,0.8800000E-4
1044,0.9000000E-4
1045,0.9100000E-4
1046,0.9300000E-4
1047,0.9500000E-4
1048,0.9700000E-4
1049,0.9800000E-4
1050,0.1000000E-3
1051,0.1020000E-3
1052,0.1040000E-3
1053,0.1060000E-3
1054,0.1080000E-3
1055,0.1100000E-3
1056,0.1120000E-3
1057,0.1140000E-3
1058,0.1160000E-3
1059,0.1380000E-3
1060,0.1400000E-3
1061,0.1420000E-3
1062,0.1430000E-3
1063,0.1450000E-3
1064,0.1470000E-3
1065,0.1490000E-3
1066,0.1510000E-3
1067,0.1530000E-3
1068,0.1550000E-3
1069,0.1560000E-3
1070,0.1580000E-3
1071,0.1600000E-3
1072,0.1620000E-3
1073,0.1640000E-3
1074,0.1660000E-3
1075,0.1680000E-3
1076,0.1700000E-3
1077,0.1720000E-3
1078,0.1740000E-3
1079,0.1760000E-3
1080,0.1770000E-3
1081,0.1790000E-3
1082,0.1810000E-3
1083,0.1830000E-3
1084,0.1850000E-3
1085,0.1880000E-3
1086,0.1900000E-3
1087,0.1920000E-3
1088,0.1940000E-3
1089,0.2140000E-3
1090,0.2160000E-3
1091,0.2180000E-3
1092,0.2200000E-3
1093,0.2220000E-3
1094,0.2240000E-3
1095,0.2260000E-3
1096,0.2280000E-3
1097,0.2300000E-3
1098,0.2320000E-3
1099,0.2340000E-3
1100,0.2370000E-3
1101,0.2390000E-3
1102,0.2540000E-3
1103,0.2550000E-3
1104,0.2570000E-3
1105,0.2590000E-3
1106,0.2610000E-3
1107,0.2630000E-3
1108,0.2650000E-3
1109,0.2670000E-3
1110,0.2690000E-3
1111,0.2720000E-3
1112,0.2740000E-3
1113,0.2760000E-3
1114,0.2780000E-3
1115,0.2800000E-3
1116,0.2820000E-3
1117,0.2840000E-3
1118,0.2860000E-3
1119,0.2880000E-3
1120,0.2900000E-3
1121,0.2920000E-3
1122,0.2940000E-3
1123,0.2960000E-3
1124,0.2980000E-3
1125,0.3000000E-3
1126,0.3020000E-3
1127,0.3040000E-3
1128,0.3060000E-3
1129,0.3260000E-3
1130,0.3280000E-3
1131,0.3300000E-3
1132,0.3320000E-3
1133,0.3340000E-3
1134,0.3360000E-3
1135,0.3380000E-3
1136,0.3400000E-3
1137,0.3420000E-3
1138,0.3450000E-3
1139,0.3470000E-3
1140,0.3490000E-3
1141,0.3510000E-3
1142,0.3520000E-3
1143,0.3540000E-3
1144,0.3560000E-3
1145,0.3710000E-3
1146,0.3730000E-3
1147,0.3750000E-3
1148,0.3770000E-3
1149,0.3790000E-3
1150,0.3810000E-3
1151,0.3830000E-3
1152,0.3850000E-3
1153,0.3870000E-3
1154,0.3890000E-3
1155,0.3910000E-3
1156,0.3930000E-3
1157,0.4140000E-3
1158,0.4160000E-3
1159,0.4180000E-3
1160,0.4200000E-3
1161,0.4240000E-3
1162,0.4260000E-3
1163,0.4290000E-3
1164,0.4320000E-3
1165,0.4350000E-3
1166,0.4370000E-3
1167,0.4390000E-3
1168,0.4410000E-3
1169,0.4420000E-3
1170,0.4440000E-3
1171,0.4460000E-3
1172,0.4480000E-3
1173,0.4500000E-3
1174,0.4520000E-3
1175,0.4540000E-3
1176,0.4560000E-3
1177,0.4580000E-3
1178,0.4600000E-3
1179,0.4620000E-3
1180,0.4640000E-3
1181,0.4660000E-3
1182,0.4680000E-3
1183,0.4700000E-3
1184,0.4710000E-3
1185,0.4730000E-3
1186,0.4750000E-3
1187,0.4770000E-3
1188,0.4790000E-3
1189,0.4810000E-3
1190,0.4840000E-3
1191,0.4860000E-3
1192,0.4890000E-3
1193,0.4910000E-3
1194,0.4930000E-3
1195,0.4950000E-3
1196,0.4970000E-3
1197,0.5000000E-3
1198,0.5030000E-3
1199,0.5050000E-3
1200,0.5080000E-3
1201,0.5100000E-3
1202,0.5120000E-3
1203,0.5150000E-3
1204,0.5180000E-3
1205,0.5200000E-3
1206,0.5230000E-3
1207,0.5250000E-3
1208,0.5270000E-3
1209,0.5300000E-3
1210,0.5330000E-3
1211,0.5360000E-3
1212,0.5380000E-3
1213,0.5420000E-3
1214,0.5450000E-3
1215,0.5480000E-3
1216,0.5500000E-3
1217,0.5530000E-3
1218,0.5560000E-3
1219,0.5590000E-3
1220,0.5620000E-3
1221,0.5640000E-3
1222,0.5680000E-3
1223,0.5710000E-3
1224,0.5740000E-3
1225,0.5760000E-3
1226,0.5780000E-3
1227,0.5800000E-3
1228,0.5820000E-3
1229,0.5840000E-3
1230,0.5860000E-3
1231,0.5880000E-3
1232,0.5900000E-3
1233,0.5920000E-3
1234,0.5940000E-3
1235,0.5960000E-3
1236,0.5980000E-3
1237,0.6000000E-3
1238,0.6030000E-3
1239,0.6060000E-3
1240,0.6080000E-3
1241,0.6100000E-3
1242,0.6120000E-3
1243,0.6140000E-3
1244,0.6160000E-3
1245,0.6320000E-3
1246,0.6340000E-3
1247,0.6360000E-3
1248,0.6380000E-3
1249,0.6410000E-3
1250,0.6430000E-3
1251,0.6450000E-3
1252,0.6470000E-3
1253,0.6490000E-3
1254,0.6510000E-3
1255,0.6530000E-3
1256,0.6560000E-3
1257,0.6580000E-3
1258,0.6600000E-3
1259,0.6620000E-3
1260,0.6640000E-3
1261,0.6660000E-3
1262,0.6680000E-3
1263,0.6700000E-3
1264,0.6720000E-3
1265,0.6740000E-3
1266,0.6760000E-3
1267,0.6780000E-3
1268,0.6800000E-3
1269,0.6820000E-3
1270,0.6840000E-3
1271,0.6860000E-3
1272,0.6880000E-3
1273,0.6910000E-3
1274,0.6930000E-3
1275,0.6950000E-3
1276,0.6970000E-3
1277,0.6990000E-3
1278,0.7010000E-3
1279,0.7030000E-3
1280,0.7050000E-3
1281,0.7070000E-3
1282,0.7090000E-3
1283,0.7120000E-3
1284,0.7140000E-3
1285,0.7160000E-3
1286,0.7180000E-3
1287,0.7210000E-3
1288,0.7240000E-3
1289,0.7260000E-3
1290,0.7280000E-3
1291,0.7310000E-3
1292,0.7330000E-3
1293,0.7360000E-3
1294,0.7390000E-3
1295,0.7410000E-3
1296,0.7430000E-3
1297,0.7450000E-3
1298,0.7470000E-3
1299,0.7680000E-3
1300,0.7710000E-3
1301,0.7740000E-3
1302,0.7760000E-3
1303,0.7800000E-3
1304,0.7840000E-3
1305,0.7870000E-3
1306,0.7900000E-3
1307,0.7930000E-3
1308,0.7960000E-3
1309,0.7980000E-3
1310,0.8010000E-3
1311,0.8040000E-3
1312,0.8070000E-3
1313,0.8100000E-3
1314,0.8130000E-3
1315,0.8160000E-3
1316,0.8190000E-3
1317,0.8220000E-3
1318,0.8250000E-3
1319,0.8280000E-3
1320,0.8310000E-3
1321,0.8340000E-3
1322,0.8370000E-3
1323,0.8390000E-3
1324,0.8420000E-3
1325,0.8440000E-3
1326,0.8470000E-3
1327,0.8490000E-3
1328,0.8520000E-3
1329,0.8550000E-3
1330,0.8710000E-3
1331,0.8730000E-3
1332,0.8750000E-3
1333,0.8770000E-3
1334,0.8790000E-3
1335,0.8810000E-3
1336,0.8840000E-3
1337,0.8860000E-3
1338,0.8880000E-3
1339,0.8910000E-3
1340,0.8930000E-3
1341,0.8950000E-3
1342,0.8970000E-3
1343,0.9000000E-3
1344,0.9020000E-3
1345,0.9040000E-3
1346,0.9070000E-3
1347,0.9090000E-3
1348,0.9110000E-3
1349,0.9140000E-3
1350,0.9170000E-3
1351,0.9190000E-3
1352,0.9210000E-3
1353,0.9230000E-3
1354,0.9250000E-3
1355,0.9280000E-3
1356,0.9310000E-3
1357,0.9340000E-3
1358,0.9370000E-3
1359,0.9390000E-3
1360,0.9420000E-3
1361,0.9440000E-3
1362,0.9460000E-3
1363,0.9490000E-3
1364,0.9520000E-3
1365,0.9540000E-3
1366,0.9570000E-3
1367,0.9590000E-3
1368,0.9610000E-3
1369,0.9640000E-3
1370,0.9670000E-3
1371,0.9690000E-3
1372,0.9710000E-3
1373,0.9730000E-3
1374,0.9750000E-3
1375,0.9770000E-3
1376,0.9800000E-3
1377,0.9820000E-3
1378,0.9840000E-3
1379,0.9860000E-3
1380,0.9890000E-3
1381,0.9910000E-3
1382,0.9930000E-3
1383,0.9960000E-3
1384,0.9990000E-3
1385,0.1001000E-2
1386,0.1003000E-2
1387,0.1005000E-2
1388,0.1007000E-2
1389,0.1014000E-2
1390,0.1017000E-2
1391,0.1020000E-2
1392,0.1023000E-2
1393,0.1026000E-2
1394,0.1045000E-2
1395,0.1048000E-2
1396,0.1051000E-2
1397,0.1053000E-2
1398,0.1056000E-2
1399,0.1059000E-2
1400,0.1062000E-2
1401,0.1064000E-2
1402,0.1067000E-2
1403,0.1070000E-2
1404,0.1073000E-2
1405,0.1076000E-2
1406,0.1079000E-2
1407,0.1083000E-2
1408,0.1086000E-2
1409,0.1089000E-2
1410,0.1092000E-2
1411,0.1097000E-2
1412,0.1101000E-2
1413,0.1105000E-2
1414,0.1109000E-2
1415,0.1112000E-2
1416,0.1115000E-2
1417,0.1118000E-2
1418,0.1122000E-2
1419,0.1126000E-2
1420,0.1129000E-2
1421,0.1132000E-2
1422,0.1135000E-2
1423,0.1139000E-2
1424,0.1142000E-2
1425,0.1146000E-2
1426,0.1149000E-2
1427,0.1152000E-2
1428,0.1155000E-2
1429,0.1159000E-2
1430,0.1162000E-2
1431,0.1165000E-2
1432,0.1167000E-2
1433,0.1172000E-2
1434,0.1175000E-2
1435,0.1178000E-2
1436,0.1181000E-2
1437,0.1184000E-2
1438,0.1187000E-2
1439,0.1191000E-2
1440,0.1194000E-2
1441,0.1197000E-2
1442,0.1202000E-2
1443,0.1208000E-2
1444,0.1211000E-2
1445,0.1214000E-2
1446,0.1217000E-2
1447,0.1220000E-2
1448,0.1224000E-2
1449,0.1228000E-2
1450,0.1231000E-2
1451,0.1235000E-2
1452,0.1239000E-2
1453,0.1242000E-2
1454,0.1247000E-2
1455,0.1250000E-2
1456,0.1254000E-2
1457,0.1257000E-2
1458,0.1261000E-2
1459,0.1265000E-2
1460,0.1268000E-2
1461,0.1271000E-2
1462,0.1274000E-2
1463,0.1278000E-2
1464,0.1283000E-2
1465,0.1287000E-2
1466,0.1290000E-2
1467,0.1294000E-2
1468,0.1298000E-2
1469,0.1301000E-2
1470,0.1304000E-2
1471,0.1307000E-2
1472,0.1310000E-2
1473,0.1314000E-2
1474,0.1318000E-2
1475,0.1321000E-2
1476,0.1323000E-2
1477,0.1326000E-2
1478,0.1329000E-2
1479,0.1332000E-2
1480,0.1336000E-2
1481,0.1340000E-2
1482,0.1343000E-2
1483,0.1346000E-2
1484,0.1350000E-2
1485,0.1354000E-2
1486,0.1360000E-2
1487,0.1365000E-2
1488,0.1368000E-2
1489,0.1372000E-2
1490,0.1376000E-2
1491,0.1379000E-2
1492,0.1382000E-2
1493,0.1386000E-2
1494,0.1389000E-2
1495,0.1393000E-2
1496,0.1396000E-2
1497,0.1399000E-2
1498,0.1402000E-2
1499,0.1405000E-2
1500,0.1409000E-2
1501,0.1412000E-2
1502,0.1416000E-2
1503,0.1419000E-2
1504,0.1422000E-2
1505,0.1425000E-2
1506,0.1428000E-2
1507,0.1431000E-2
1508,0.1434000E-2
1509,0.1437000E-2
1510,0.1441000E-2
1511,0.1444000E-2
1512,0.1448000E-2
1513,0.1452000E-2
1514,0.1456000E-2
1515,0.1459000E-2
1516,0.1463000E-2
1517,0.1465000E-2
1518,0.1468000E-2
1519,0.1472000E-2
1520,0.1475000E-2
1521,0.1479000E-2
1522,0.1483000E-2
1523,0.1487000E-2
1524,0.1506000E-2
1525,0.1510000E-2
1526,0.1513000E-2
1527,0.1516000E-2
1528,0.1519000E-2
1529,0.1523000E-2
1530,0.1526000E-2
1531,0.1529000E-2
1532,0.1532000E-2
1533,0.1535000E-2
1534,0.1538000E-2
1535,0.1541000E-2
1536,0.1544000E-2
1537,0.1547000E-2
1538,0.1550000E-2
1539,0.1553000E-2
1540,0.1556000E-2
1541,0.1559000E-2
1542,0.1562000E-2
1543,0.1565000E-2
1544,0.1568000E-2
1545,0.1571000E-2
1546,0.1574000E-2
1547,0.1577000E-2
1548,0.1580000E-2
1549,0.1583000E-2
1550,0.1586000E-2
1551,0.1610000E-2
1552,0.1613000E-2
1553,0.1635000E-2
1554,0.1638000E-2
1555,0.1641000E-2
1556,0.1644000E-2
1557,0.1647000E-2
1558,0.1650000E-2
1559,0.1653000E-2
1560,0.1656000E-2
1561,0.1659000E-2
1562,0.1662000E-2
1563,0.1665000E-2
1564,0.1668000E-2
1565,0.1671000E-2
1566,0.1674000E-2
1567,0.1692000E-2
1568,0.1695000E-2
1569,0.1697000E-2
1570,0.1700000E-2
1571,0.1703000E-2
1572,0.1725000E-2
1573,0.1728000E-2
1574,0.1731000E-2
1575,0.1734000E-2
1576,0.1737000E-2
1577,0.1740000E-2
1578,0.1743000E-2
1579,0.1746000E-2
1580,0.1749000E-2
1581,0.1752000E-2
1582,0.1756000E-2
1583,0.1759000E-2
1584,0.1762000E-2
1585,0.1765000E-2
1586,0.1768000E-2
1587,0.1771000E-2
1588,0.1774000E-2
1589,0.1777000E-2
1590,0.1779000E-2
1591,0.1782000E-2
1592,0.1799000E-2
1593,0.1802000E-2
1594,0.1804000E-2
1595,0.1807000E-2
1596,0.1809000E-2
1597,0.1811000E-2
1598,0.1813000E-2
1599,0.1816000E-2
1600,0.1819000E-2
1601,0.1822000E-2
1602,0.1824000E-2
1603,0.1827000E-2
1604,0.1830000E-2
1605,0.1833000E-2
1606,0.1836000E-2
1607,0.1839000E-2
1608,0.1842000E-2
1609,0.1845000E-2
1610,0.1847000E-2
1611,0.1849000E-2
1612,0.1851000E-2
1613,0.1853000E-2
1614,0.1856000E-2
1615,0.1859000E-2
1616,0.1862000E-2
1617,0.1869000E-2
1618,0.1872000E-2
1619,0.1875000E-2
1620,0.1878000E-2
1621,0.1881000E-2
1622,0.1884000E-2
1623,0.1886000E-2
1624,0.1889000E-2
1625,0.1892000E-2
1626,0.1895000E-2
1627,0.1898000E-2
1628,0.1900000E-2
1629,0.1902000E-2
1630,0.1905000E-2
1631,0.1908000E-2
1632,0.1911000E-2
1633,0.1914000E-2
1634,0.1917000E-2
1635,0.1919000E-2
1636,0.1921000E-2
1637,0.1924000E-2
1638,0.1927000E-2
1639,0.1930000E-2
1640,0.1933000E-2
1641,0.1936000E-2
1642,0.1939000E-2
1643,0.1942000E-2
1644,0.1945000E-2
1645,0.1948000E-2
1646,0.1950000E-2
1647,0.1952000E-2
1648,0.1955000E-2
1649,0.1958000E-2
1650,0.1960000E-2
1651,0.1963000E-2
1652,0.1966000E-2
1653,0.1969000E-2
1654,0.1971000E-2
1655,0.1973000E-2
1656,0.1976000E-2
1657,0.1978000E-2
1658,0.1981000E-2
1659,0.1984000E-2
1660,0.1987000E-2
1661,0.1990000E-2
1662,0.1992000E-2
1663,0.1994000E-2
1664,0.1996000E-2
1665,0.1998000E-2
1666,0.2000000E-2
1667,0.2002000E-2
1668,0.2004000E-2
1669,0.2007000E-2
1670,0.2009000E-2
1671,0.2011000E-2
1672,0.2014000E-2
1673,0.2017000E-2
1674,0.2020000E-2
1675,0.2023000E-2
1676,0.2026000E-2
1677,0.2028000E-2
1678,0.2031000E-2
1679,0.2034000E-2
1680,0.2037000E-2
1681,0.2040000E-2
1682,0.2042000E-2
1683,0.2044000E-2
1684,0.2047000E-2
1685,0.2050000E-2
1686,0.2052000E-2
1687,0.2055000E-2
1688,0.2058000E-2
1689,0.2060000E-2
1690,0.2063000E-2
1691,0.2066000E-2
1692,0.2069000E-2
1693,0.2072000E-2
1694,0.2075000E-2
1695,0.2077000E-2
1696,0.2079000E-2
1697,0.2082000E-2
1698,0.2085000E-2
1699,0.2088000E-2
1700,0.2091000E-2
1701,0.2093000E-2
1702,0.2096000E-2
1703,0.2099000E-2
1704,0.2102000E-2
1705,0.2105000E-2
1706,0.2108000E-2
1707,0.2111000E-2
1708,0.2114000E-2
1709,0.2116000E-2
1710,0.2119000E-2
1711,0.2122000E-2
1712,0.2125000E-2
1713,0.2128000E-2
1714,0.2130000E-2
1715,0.2133000E-2
1716,0.2136000E-2
1717,0.2139000E-2
1718,0.2142000E-2
1719,0.2145000E-2
1720,0.2148000E-2
1721,0.2151000E-2
1722,0.2154000E-2
1723,0.2156000E-2
1724,0.2159000E-2
1725,0.2162000E-2
1726,0.2165000E-2
1727,0.2167000E-2
1728,0.2170000E-2
1729,0.2173000E-2
1730,0.2176000E-2
1731,0.2178000E-2
1732,0.2180000E-2
1733,0.2182000E-2
1734,0.2185000E-2
1735,0.2188000E-2
1736,0.2191000E-2
1737,0.2194000E-2
1738,0.2197000E-2
1739,0.2200000E-2
1740,0.2203000E-2
1741,0.2205000E-2
1742,0.2208000E-2
1743,0.2211000E-2
1744,0.2214000E-2
1745,0.2216000E-2
1746,0.2219000E-2
1747,0.2222000E-2
1748,0.2225000E-2
1749,0.2228000E-2
1750,0.2230000E-2
1751,0.2233000E-2
1752,0.2236000E-2
1753,0.2239000E-2
1754,0.2242000E-2
1755,0.2245000E-2
1756,0.2248000E-2
1757,0.2251000E-2
1758,0.2254000E-2
1759,0.2256000E-2
1760,0.2259000E-2
1761,0.2262000E-2
1762,0.2264000E-2
1763,0.2267000E-2
1764,0.2270000E-2
1765,0.2272000E-2
1766,0.2274000E-2
1767,0.2277000E-2
1768,0.2280000E-2
1769,0.2283000E-2
1770,0.2286000E-2
1771,0.2289000E-2
1772,0.2292000E-2
1773,0.2295000E-2
1774,0.2298000E-2
1775,0.2301000E-2
1776,0.2304000E-2
1777,0.2306000E-2
1778,0.2309000E-2
1779,0.2312000E-2
1780,0.2314000E-2
1781,0.2317000E-2
1782,0.2320000E-2
1783,0.2323000E-2
1784,0.2326000E-2
1785,0.2328000E-2
1786,0.2330000E-2
1787,0.2332000E-2
1788,0.2335000E-2
1789,0.2338000E-2
1790,0.2341000E-2
1791,0.2344000E-2
1792,0.2347000E-2
1793,0.2350000E-2
1794,0.2352000E-2
1795,0.2355000E-2
1796,0.2358000E-2
1797,0.2361000E-2
1798,0.2364000E-2
1799,0.2367000E-2
1800,0.2370000E-2
1801,0.2373000E-2
1802,0.2376000E-2
1803,0.2379000E-2
1804,0.2381000E-2
1805,0.2384000E-2
1806,0.2387000E-2
1807,0.2390000E-2
1808,0.2393000E-2
1809,0.2396000E-2
1810,0.2399000E-2
1811,0.2401000E-2
1812,0.2404000E-2
1813,0.2407000E-2
1814,0.2410000E-2
1815,0.2413000E-2
1816,0.2416000E-2
1817,0.2418000E-2
1818,0.2421000E-2
1819,0.2424000E-2
1820,0.2427000E-2
1821,0.2430000E-2
1822,0.2433000E-2
1823,0.2435000E-2
1824,0.2438000E-2
1825,0.2441000E-2
1826,0.2444000E-2
1827,0.2446000E-2
1828,0.2449000E-2
1829,0.2452000E-2
1830,0.2455000E-2
1831,0.2457000E-2
1832,0.2460000E-2
1833,0.2463000E-2
1834,0.2466000E-2
1835,0.2469000E-2
1836,0.2472000E-2
1837,0.2475000E-2
1838,0.2478000E-2
1839,0.2481000E-2
1840,0.2484000E-2
1841,0.2487000E-2
1842,0.2490000E-2
1843,0.2493000E-2
1844,0.2496000E-2
1845,0.2501000E-2
1846,0.2504000E-2
1847,0.2507000E-2
1848,0.2510000E-2
1849,0.2513000E-2
1850,0.2517000E-2
1851,0.2520000E-2
1852,0.2523000E-2
1853,0.2526000E-2
1854,0.2529000E-2
1855,0.2532000E-2
1856,0.2535000E-2
1857,0.2538000E-2
1858,0.2541000E-2
1859,0.2544000E-2
1860,0.2547000E-2
1861,0.2550000E-2
1862,0.2553000E-2
1863,0.2556000E-2
1864,0.2559000E-2
1865,0.2562000E-2
1866,0.2565000E-2
1867,0.2568000E-2
1868,0.2571000E-2
1869,0.2575000E-2
1870,0.2578000E-2
1871,0.2581000E-2
1872,0.2584000E-2
1873,0.2587000E-2
1874,0.2590000E-2
1875,0.2593000E-2
1876,0.2596000E-2
1877,0.2599000E-2
1878,0.2602000E-2
1879,0.2605000E-2
1880,0.2608000E-2
1881,0.2610000E-2
1882,0.2613000E-2
1883,0.2616000E-2
1884,0.2619000E-2
1885,0.2622000E-2
1886,0.2624000E-2
1887,0.2627000E-2
1888,0.2630000E-2
1889,0.2633000E-2
1890,0.2636000E-2
1891,0.2639000E-2
1892,0.2642000E-2
1893,0.2645000E-2
1894,0.2648000E-2
1895,0.2651000E-2
1896,0.2654000E-2
1897,0.2657000E-2
1898,0.2660000E-2
1899,0.2664000E-2
1900,0.2667000E-2
1901,0.2670000E-2
1902,0.2673000E-2
1903,0.2675000E-2
1904,0.2678000E-2
1905,0.2682000E-2
1906,0.2685000E-2
1907,0.2688000E-2
1908,0.2691000E-2
1909,0.2694000E-2
1910,0.2697000E-2
1911,0.2700000E-2
1912,0.2703000E-2
1913,0.2707000E-2
1914,0.2710000E-2
1915,0.2713000E-2
1916,0.2715000E-2
1917,0.2718000E-2
1918,0.2721000E-2
1919,0.2724000E-2
1920,0.2727000E-2
1921,0.2730000E-2
1922,0.2733000E-2
1923,0.2736000E-2
1924,0.2739000E-2
1925,0.2742000E-2
1926,0.2745000E-2
1927,0.2748000E-2
1928,0.2751000E-2
1929,0.2754000E-2
1930,0.2757000E-2
1931,0.2760000E-2
1932,0.2763000E-2
1933,0.2766000E-2
1934,0.2770000E-2
1935,0.2773000E-2
1936,0.2776000E-2
1937,0.2779000E-2
1938,0.2782000E-2
1939,0.2785000E-2
1940,0.2788000E-2
1941,0.2792000E-2
1942,0.2795000E-2
1943,0.2798000E-2
1944,0.2801000E-2
1945,0.2804000E-2
1946,0.2806000E-2
1947,0.2809000E-2
1948,0.2812000E-2
1949,0.2815000E-2
1950,0.2819000E-2
1951,0.2822000E-2
1952,0.2825000E-2
1953,0.2828000E-2
1954,0.2831000E-2
1955,0.2834000E-2
1956,0.2837000E-2
1957,0.2840000E-2
1958,0.2843000E-2
1959,0.2846000E-2
1960,0.2849000E-2
1961,0.2853000E-2
1962,0.2856000E-2
1963,0.2860000E-2
1964,0.2863000E-2
1965,0.2866000E-2
1966,0.2870000E-2
1967,0.2873000E-2
1968,0.2876000E-2
1969,0.2879000E-2
1970,0.2882000E-2
1971,0.2885000E-2
1972,0.2888000E-2
1973,0.2891000E-2
1974,0.2895000E-2
1975,0.2898000E-2
1976,0.2901000E-2
1977,0.2905000E-2
1978,0.2910000E-2
1979,0.2913000E-2
1980,0.2916000E-2
1981,0.2920000E-2
1982,0.2924000E-2
1983,0.2928000E-2
1984,0.2932000E-2
1985,0.2935000E-2
1986,0.2939000E-2
1987,0.2943000E-2
1988,0.2947000E-2
1989,0.2951000E-2
1990,0.2955000E-2
1991,0.2959000E-2
1992,0.2962000E-2
1993,0.2966000E-2
1994,0.2971000E-2
1995,0.2974000E-2
1996,0.2977000E-2
1997,0.2980000E-2
1998,0.2983000E-2
1999,0.2986000E-2
2000,0.2989000E-2
 ---
10001,0.1600000E-4
10002,0.3100000E-4
10003,0.4400000E-4
10004,0.7700000E-4
10005,0.8900000E-4
10006,0.1020000E-3
10007,0.1470000E-3
10008,0.1580000E-3
10009,0.1710000E-3
10010,0.1970000E-3
10011,0.2110000E-3
10012,0.2230000E-3
10013,0.2530000E-3
10014,0.2660000E-3
10015,0.2790000E-3
10016,0.3090000E-3
10017,0.3220000E-3
10018,0.3350000E-3
10019,0.3480000E-3
10020,0.3730000E-3
10021,0.3850000E-3
10022,0.3980000E-3
10023,0.4100000E-3
10024,0.4420000E-3
10025,0.4570000E-3
10026,0.4920000E-3
10027,0.5080000E-3
10028,0.5230000E-3
10029,0.5400000E-3
10030,0.5850000E-3
10031,0.6260000E-3
10032,0.6420000E-3
10033,0.6570000E-3
10034,0.6720000E-3
10035,0.7000000E-3
10036,0.7260000E-3
10037,0.7590000E-3
10038,0.7730000E-3
10039,0.8010000E-3
10040,0.8140000E-3
10041,0.8450000E-3
10042,0.8730000E-3
10043,0.9050000E-3
10044,0.9310000E-3
10045,0.9450000E-3
10046,0.9590000E-3
10047,0.9720000E-3
10048,0.9840000E-3
10049,0.1015000E-2
10050,0.1029000E-2
10051,0.1076000E-2
10052,0.1106000E-2
10053,0.1120000E-2
10054,0.1135000E-2
10055,0.1166000E-2
10056,0.1183000E-2
10057,0.1213000E-2
10058,0.1246000E-2
10059,0.1262000E-2
10060,0.1277000E-2
10061,0.1292000E-2
10062,0.1322000E-2
10063,0.1359000E-2
10064,0.1376000E-2
10065,0.1391000E-2
10066,0.1420000E-2
10067,0.1433000E-2
10068,0.1447000E-2
10069,0.1463000E-2
10070,0.1477000E-2
10071,0.1489000E-2
10072,0.1503000E-2
10073,0.1516000E-2
10074,0.1528000E-2
10075,0.1541000E-2
10076,0.1553000E-2
10077,0.1566000E-2
10078,0.1578000E-2
10079,0.1590000E-2
10080,0.1604000E-2
10081,0.1615000E-2
10082,0.1628000E-2
10083,0.1642000E-2
10084,0.1656000E-2
10085,0.1670000E-2
10086,0.1681000E-2
10087,0.1694000E-2
10088,0.1708000E-2
10089,0.1722000E-2
10090,0.1736000E-2
10091,0.1750000E-2
10092,0.1763000E-2
10093,0.1776000E-2
10094,0.1787000E-2
10095,0.1799000E-2
10096,0.1812000E-2
10097,0.1825000E-2
10098,0.1838000E-2
10099,0.1850000E-2
10100,0.1864000E-2
10101,0.1876000E-2
10102,0.1888000E-2
10103,0.1901000E-2
10104,0.1912000E-2
10105,0.1944000E-2
10106,0.1958000E-2
10107,0.1971000E-2
10108,0.2019000E-2
10109,0.2034000E-2
10110,0.2048000E-2
10111,0.2061000E-2
10112,0.2073000E-2
10113,0.2085000E-2
10114,0.2118000E-2
10115,0.2135000E-2
10116,0.2149000E-2
10117,0.2173000E-2
10118,0.2201000E-2
10119,0.2232000E-2
10120,0.2263000E-2
10121,0.2278000E-2
10122,0.2292000E-2
10123,0.2307000E-2
10124,0.2321000E-2
10125,0.2355000E-2
10126,0.2375000E-2
10127,0.2390000E-2
10128,0.2406000E-2
10129,0.2423000E-2
10130,0.2452000E-2
10131,0.2503000E-2
10132,0.2520000E-2
10133,0.2537000E-2
10134,0.2550000E-2
10135,0.2564000E-2
10136,0.2578000E-2
10137,0.2593000E-2
10138,0.2605000E-2
10139,0.2618000E-2
10140,0.2633000E-2
10141,0.2646000E-2
10142,0.2660000E-2
10143,0.2673000E-2
10144,0.2684000E-2
10145,0.2697000E-2
10146,0.2711000E-2
10147,0.2726000E-2
10148,0.2739000E-2
10149,0.2751000E-2
10150,0.2765000E-2
10151,0.2780000E-2
10152,0.2792000E-2
10153,0.2804000E-2
10154,0.2817000E-2
10155,0.2830000E-2
10156,0.2844000E-2
10157,0.2856000E-2
10158,0.2868000E-2
10159,0.2882000E-2
10160,0.2896000E-2
10161,0.2911000E-2
10162,0.2925000E-2
10163,0.2940000E-2
10164,0.2953000E-2
10165,0.2968000E-2
10166,0.2981000E-2
10167,0.2996000E-2
10168,0.3010000E-2
10169,0.3024000E-2
10170,0.3046000E-2
10171,0.3063000E-2
10172,0.3093000E-2
10173,0.3109000E-2
10174,0.3124000E-2
10175,0.3139000E-2
10176,0.3167000E-2
10177,0.3182000E-2
10178,0.3196000E-2
10179,0.3210000E-2
10180,0.3223000E-2
10181,0.3237000E-2
10182,0.3251000E-2
10183,0.3263000E-2
10184,0.3276000E-2
10185,0.3289000E-2
10186,0.3303000E-2
10187,0.3317000E-2
10188,0.3331000E-2
10189,0.3346000E-2
10190,0.3360000E-2
10191,0.3371000E-2
10192,0.3385000E-2
10193,0.3399000E-2
10194,0.3413000E-2
10195,0.3426000E-2
10196,0.3440000E-2
10197,0.3454000E-2
10198,0.3468000E-2
10199,0.3480000E-2
10200,0.3494000E-2
10201,0.3507000E-2
10202,0.3520000E-2
10203,0.3535000E-2
10204,0.3550000E-2
10205,0.3564000E-2
10206,0.3577000E-2
10207,0.3590000E-2
10208,0.3604000E-2
10209,0.3618000E-2
10210,0.3631000E-2
10211,0.3645000E-2
10212,0.3660000E-2
10213,0.3673000E-2
10214,0.3685000E-2
10215,0.3699000E-2
10216,0.3715000E-2
10217,0.3730000E-2
10218,0.3744000E-2
10219,0.3757000E-2
10220,0.3770000E-2
10221,0.3783000E-2
10222,0.3797000E-2
10223,0.3809000E-2
10224,0.3822000E-2
10225,0.3836000E-2
10226,0.3851000E-2
10227,0.3863000E-2
10228,0.3876000E-2
10229,0.3888000E-2
10230,0.3903000E-2
10231,0.3916000E-2
10232,0.3931000E-2
10233,0.3945000E-2
10234,0.3960000E-2
10235,0.3973000E-2
10236,0.3986000E-2
10237,0.4001000E-2
10238,0.4016000E-2
10239,0.4029000E-2
10240,0.4044000E-2
10241,0.4057000E-2
10242,0.4072000E-2
10243,0.4086000E-2
10244,0.4099000E-2
10245,0.4113000E-2
10246,0.4129000E-2
10247,0.4143000E-2
10248,0.4157000E-2
10249,0.4171000E-2
10250,0.4185000E-2
10251,0.4197000E-2
10252,0.4210000E-2
10253,0.4224000E-2
10254,0.4238000E-2
10255,0.4251000E-2
10256,0.4266000E-2
10257,0.4281000E-2
10258,0.4294000E-2
10259,0.4307000E-2
10260,0.4320000E-2
10261,0.4333000E-2
10262,0.4348000E-2
10263,0.4362000E-2
10264,0.4377000E-2
10265,0.4392000E-2
10266,0.4404000E-2
10267,0.4417000E-2
10268,0.4430000E-2
10269,0.4443000E-2
10270,0.4457000E-2
10271,0.4470000E-2
10272,0.4482000E-2
10273,0.4494000E-2
10274,0.4507000E-2
10275,0.4520000E-2
10276,0.4534000E-2
10277,0.4547000E-2
10278,0.4562000E-2
10279,0.4576000E-2
10280,0.4589000E-2
10281,0.4602000E-2
10282,0.4617000E-2
10283,0.4630000E-2
10284,0.4645000E-2
10285,0.4663000E-2
10286,0.4677000E-2
10287,0.4692000E-2
10288,0.4706000E-2
10289,0.4720000E-2
10290,0.4732000E-2
10291,0.4745000E-2
10292,0.4759000E-2
10293,0.4773000E-2
10294,0.4788000E-2
10295,0.4803000E-2
10296,0.4818000E-2
10297,0.4833000E-2
10298,0.4846000E-2
10299,0.4859000E-2
10300,0.4873000E-2
10301,0.4887000E-2
10302,0.4902000E-2
10303,0.4915000E-2
10304,0.4929000E-2
10305,0.4944000E-2
10306,0.4978000E-2
10307,0.4994000E-2
10308,0.5021000E-2
10309,0.5034000E-2
10310,0.5067000E-2
10311,0.5082000E-2
10312,0.5098000E-2
10313,0.5114000E-2
10314,0.5130000E-2
10315,0.5147000E-2
10316,0.5162000E-2
10317,0.5190000E-2
10318,0.5204000E-2
10319,0.5219000E-2
10320,0.5253000E-2
10321,0.5269000E-2
10322,0.5284000E-2
10323,0.5301000E-2
10324,0.5316000E-2
10325,0.5330000E-2
10326,0.5358000E-2
10327,0.5371000E-2
10328,0.5387000E-2
10329,0.5405000E-2
10330,0.5422000E-2
10331,0.5437000E-2
10332,0.5453000E-2
10333,0.5482000E-2
10334,0.5522000E-2
10335,0.5538000E-2
10336,0.5554000E-2
10337,0.5570000E-2
10338,0.5586000E-2
10339,0.5604000E-2
10340,0.5634000E-2
10341,0.5668000E-2
10342,0.5684000E-2
10343,0.5700000E-2
10344,0.5716000E-2
10345,0.5733000E-2
10346,0.5751000E-2
10347,0.5779000E-2
10348,0.5814000E-2
10349,0.5833000E-2
10350,0.5850000E-2
10351,0.5868000E-2
10352,0.5885000E-2
10353,0.5901000E-2
10354,0.5919000E-2
10355,0.5948000E-2
10356,0.5980000E-2
10357,0.5996000E-2
10358,0.6012000E-2
10359,0.6028000E-2
10360,0.6044000E-2
10361,0.6060000E-2
10362,0.6077000E-2
10363,0.6093000E-2
10364,0.6126000E-2
10365,0.6141000E-2
10366,0.6159000E-2
10367,0.6175000E-2
10368,0.6286000E-2
10369,0.6303000E-2
10370,0.6319000E-2
10371,0.6334000E-2
10372,0.6362000E-2
10373,0.6375000E-2
10374,0.6388000E-2
10375,0.6402000E-2
10376,0.6416000E-2
10377,0.6430000E-2
10378,0.6443000E-2
10379,0.6475000E-2
10380,0.6493000E-2
10381,0.6509000E-2
10382,0.6526000E-2
10383,0.6557000E-2
10384,0.6574000E-2
10385,0.6592000E-2
10386,0.6609000E-2
10387,0.6635000E-2
10388,0.6648000E-2
10389,0.6681000E-2
10390,0.6698000E-2
10391,0.6716000E-2
10392,0.6733000E-2
10393,0.6750000E-2
10394,0.6767000E-2
10395,0.6795000E-2
10396,0.6810000E-2
10397,0.6825000E-2
10398,0.6840000E-2
10399,0.6867000E-2
10400,0.6880000E-2
10401,0.6894000E-2
10402,0.6907000E-2
10403,0.6921000E-2
10404,0.6935000E-2
10405,0.6947000E-2
10406,0.6959000E-2
10407,0.6972000E-2
10408,0.6986000E-2
10409,0.6999000E-2
10410,0.7011000E-2
10411,0.7024000E-2
10412,0.7038000E-2
10413,0.7050000E-2
10414,0.7079000E-2
10415,0.7095000E-2
10416,0.7110000E-2
10417,0.7125000E-2
10418,0.7142000E-2
10419,0.7166000E-2
10420,0.7190000E-2
10421,0.7213000E-2
10422,0.7228000E-2
10423,0.7249000E-2
10424,0.7267000E-2
10425,0.7285000E-2
10426,0.7303000E-2
10427,0.7319000E-2
10428,0.7336000E-2
10429,0.7353000E-2
10430,0.7385000E-2
10431,0.7401000E-2
10432,0.7416000E-2
10433,0.7431000E-2
10434,0.7446000E-2
10435,0.7461000E-2
10436,0.7476000E-2
10437,0.7492000E-2
10438,0.7509000E-2
10439,0.7525000E-2
10440,0.7540000E-2
10441,0.7554000E-2
10442,0.7568000E-2
10443,0.7583000E-2
10444,0.7597000E-2
10445,0.7610000E-2
10446,0.7627000E-2
10447,0.7642000E-2
10448,0.7658000E-2
10449,0.7672000E-2
10450,0.7688000E-2
10451,0.7701000E-2
10452,0.7715000E-2
10453,0.7731000E-2
10454,0.7745000E-2
10455,0.7760000E-2
10456,0.7774000E-2
10457,0.7787000E-2
10458,0.7802000E-2
10459,0.7817000E-2
10460,0.7833000E-2
10461,0.7849000E-2
10462,0.7864000E-2
10463,0.8136000E-2
10464,0.8228000E-2
10465,0.8287000E-2
10466,0.8328000E-2
10467,0.8341000E-2
10468,0.8355000E-2
10469,0.8369000E-2
10470,0.8382000E-2
10471,0.8396000E-2
10472,0.8422000E-2
10473,0.8467000E-2
10474,0.8508000E-2
10475,0.8556000E-2
10476,0.8621000E-2
10477,0.8742000E-2
10478,0.8820000E-2
10479,0.8845000E-2
10480,0.8883000E-2
10481,0.8902000E-2
10482,0.8922000E-2
10483,0.8941000E-2
10484,0.8961000E-2
10485,0.8979000E-2
10486,0.9001000E-2
10487,0.9023000E-2
10488,0.9041000E-2
10489,0.9058000E-2
10490,0.9074000E-2
10491,0.9112000E-2
10492,0.9126000E-2
10493,0.9140000E-2
10494,0.9155000E-2
10495,0.9169000E-2
10496,0.9196000E-2
10497,0.9210000E-2
10498,0.9243000E-2
10499,0.9256000E-2
10500,0.9281000E-2
10501,0.9298000E-2
10502,0.9325000E-2
10503,0.9340000E-2
10504,0.9353000E-2
10505,0.9366000E-2
10506,0.9380000E-2
10507,0.9394000E-2
10508,0.9408000E-2
10509,0.9421000E-2
10510,0.9436000E-2
10511,0.9448000E-2
10512,0.9462000E-2
10513,0.9475000E-2
10514,0.9487000E-2
10515,0.9502000E-2
10516,0.9516000E-2
10517,0.9530000E-2
10518,0.9544000E-2
10519,0.9556000E-2
10520,0.9570000E-2
10521,0.9585000E-2
10522,0.9613000E-2
10523,0.9626000E-2
10524,0.9640000E-2
10525,0.9654000E-2
10526,0.9666000E-2
10527,0.9679000E-2
10528,0.9711000E-2
10529,0.9724000E-2
10530,0.9750000E-2
10531,0.9764000E-2
10532,0.9778000E-2
10533,0.9808000E-2
10534,0.9821000E-2
10535,0.9848000E-2
10536,0.9861000E-2
10537,0.9874000E-2
10538,0.9887000E-2
10539,0.9919000E-2
10540,0.9932000E-2
10541,0.9964000E-2
10542,0.9982000E-2
10543,0.9998000E-2
10544,0.1002700E-1
10545,0.1004200E-1
10546,0.1005600E-1
10547,0.1007100E-1
10548,0.1008500E-1
10549,0.1009800E-1
10550,0.1011300E-1
10551,0.1012800E-1
10552,0.1014300E-1
10553,0.1015700E-1
10554,0.1017100E-1
10555,0.1018400E-1
10556,0.1019800E-1
10557,0.1021200E-1
10558,0.1022500E-1
10559,0.1023900E-1
10560,0.1025100E-1
10561,0.1026500E-1
10562,0.1028000E-1
10563,0.1029200E-1
10564,0.1030700E-1
10565,0.1032000E-1
10566,0.1033200E-1
10567,0.1034700E-1
10568,0.1036000E-1
10569,0.1037400E-1
10570,0.1038800E-1
10571,0.1040200E-1
10572,0.1041600E-1
10573,0.1042900E-1
10574,0.1044300E-1
10575,0.1045600E-1
10576,0.1047000E-1
10577,0.1048300E-1
10578,0.1049500E-1
10579,0.1050700E-1
10580,0.1051900E-1
10581,0.1053300E-1
10582,0.1054800E-1
10583,0.1056100E-1
10584,0.1057500E-1
10585,0.1058800E-1
10586,0.1060100E-1
10587,0.1061400E-1
10588,0.1062600E-1
10589,0.1063900E-1
10590,0.1065200E-1
10591,0.1066400E-1
10592,0.1067600E-1
10593,0.1068800E-1
10594,0.1070000E-1
10595,0.1071400E-1
10596,0.1072800E-1
10597,0.1074200E-1
10598,0.1075600E-1
10599,0.1077000E-1
10600,0.1078500E-1
10601,0.1079800E-1
10602,0.1081200E-1
10603,0.1082600E-1
10604,0.1083900E-1
10605,0.1085100E-1
10606,0.1086500E-1
10607,0.1087800E-1
10608,0.1089000E-1
10609,0.1090300E-1
10610,0.1091700E-1
10611,0.1093000E-1
10612,0.1094400E-1
10613,0.1095600E-1
10614,0.1097000E-1
10615,0.1098400E-1
10616,0.1099800E-1
10617,0.1101200E-1
10618,0.1102500E-1
10619,0.1103900E-1
10620,0.1105200E-1
10621,0.1106400E-1
10622,0.1107800E-1
10623,0.1109200E-1
10624,0.1110500E-1
10625,0.1111800E-1
10626,0.1113200E-1
10627,0.1114600E-1
10628,0.1115900E-1
10629,0.1117200E-1
10630,0.1118600E-1
10631,0.1120000E-1
10632,0.1121500E-1
10633,0.1122900E-1
10634,0.1124200E-1
10635,0.1125600E-1
10636,0.1126900E-1
10637,0.1128300E-1
10638,0.1129700E-1
10639,0.1131100E-1
10640,0.1132400E-1
10641,0.1133700E-1
10642,0.1135100E-1
10643,0.1136300E-1
10644,0.1137600E-1
10645,0.1139000E-1
10646,0.1140400E-1
10647,0.1141700E-1
10648,0.1143000E-1
10649,0.1144200E-1
10650,0.1145600E-1
10651,0.1147000E-1
10652,0.1148400E-1
10653,0.1149700E-1
10654,0.1151000E-1
10655,0.1152200E-1
10656,0.1153400E-1
10657,0.1154800E-1
10658,0.1156100E-1
10659,0.1157600E-1
10660,0.1159000E-1
10661,0.1160300E-1
10662,0.1161700E-1
10663,0.1163200E-1
10664,0.1164400E-1
10665,0.1165800E-1
10666,0.1167000E-1
10667,0.1168400E-1
10668,0.1169800E-1
10669,0.1171200E-1
10670,0.1172500E-1
10671,0.1173900E-1
10672,0.1175300E-1
10673,0.1176700E-1
10674,0.1177900E-1
10675,0.1179300E-1
10676,0.1180700E-1
10677,0.1182000E-1
10678,0.1183300E-1
10679,0.1184600E-1
10680,0.1186000E-1
10681,0.1187400E-1
10682,0.1188700E-1
10683,0.1190100E-1
10684,0.1191400E-1
10685,0.1192700E-1
10686,0.1194100E-1
10687,0.1195400E-1
10688,0.1196700E-1
10689,0.1197900E-1
10690,0.1199300E-1
10691,0.1200800E-1
10692,0.1202100E-1
10693,0.1203400E-1
10694,0.1204900E-1
10695,0.1206300E-1
10696,0.1207700E-1
10697,0.1209100E-1
10698,0.1210600E-1
10699,0.1212000E-1
10700,0.1213400E-1
10701,0.1214700E-1
10702,0.1215900E-1
10703,0.1217400E-1
10704,0.1218700E-1
10705,0.1220100E-1
10706,0.1221600E-1
10707,0.1223000E-1
10708,0.1224500E-1
10709,0.1225900E-1
10710,0.1227200E-1
10711,0.1228600E-1
10712,0.1230000E-1
10713,0.1231400E-1
10714,0.1232600E-1
10715,0.1234100E-1
10716,0.1235300E-1
10717,0.1236800E-1
10718,0.1238100E-1
10719,0.1239300E-1
10720,0.1240700E-1
10721,0.1242000E-1
10722,0.1243300E-1
10723,0.1244700E-1
10724,0.1246000E-1
10725,0.1247300E-1
10726,0.1248600E-1
10727,0.1250000E-1
10728,0.1251200E-1
10729,0.1252600E-1
10730,0.1254000E-1
10731,0.1255300E-1
10732,0.1256600E-1
10733,0.1257900E-1
10734,0.1259300E-1
10735,0.1260800E-1
10736,0.1262100E-1
10737,0.1263400E-1
10738,0.1264600E-1
10739,0.1265900E-1
10740,0.1267300E-1
10741,0.1268700E-1
10742,0.1270000E-1
10743,0.1271300E-1
10744,0.1272600E-1
10745,0.1273900E-1
10746,0.1275200E-1
10747,0.1276600E-1
10748,0.1278100E-1
10749,0.1279400E-1
10750,0.1280800E-1
10751,0.1282300E-1
10752,0.1283600E-1
10753,0.1284900E-1
10754,0.1286300E-1
10755,0.1287800E-1
10756,0.1289300E-1
10757,0.1290500E-1
10758,0.1292000E-1
10759,0.1293500E-1
10760,0.1294900E-1
10761,0.1296100E-1
10762,0.1297400E-1
10763,0.1298800E-1
10764,0.1300200E-1
10765,0.1301500E-1
10766,0.1303000E-1
10767,0.1304400E-1
10768,0.1305700E-1
10769,0.1307100E-1
10770,0.1308300E-1
10771,0.1309700E-1
10772,0.1311200E-1
10773,0.1312600E-1
10774,0.1314800E-1
10775,0.1316200E-1
10776,0.1317600E-1
10777,0.1319100E-1
10778,0.1320400E-1
10779,0.1321800E-1
10780,0.1323200E-1
10781,0.1324600E-1
10782,0.1326100E-1
10783,0.1327500E-1
10784,0.1328900E-1
10785,0.1330400E-1
10786,0.1331600E-1
10787,0.1332900E-1
10788,0.1334200E-1
10789,0.1335500E-1
10790,0.1336700E-1
10791,0.1338100E-1
10792,0.1339400E-1
10793,0.1340600E-1
10794,0.1341900E-1
10795,0.1343200E-1
10796,0.1344500E-1
10797,0.1346000E-1
10798,0.1347500E-1
10799,0.1348800E-1
10800,0.1350200E-1
10801,0.1351500E-1
10802,0.1353000E-1
10803,0.1354300E-1
10804,0.1355800E-1
10805,0.1357300E-1
10806,0.1358600E-1
10807,0.1359900E-1
10808,0.1361200E-1
10809,0.1362500E-1
10810,0.1363800E-1
10811,0.1365300E-1
10812,0.1366700E-1
10813,0.1368100E-1
10814,0.1369400E-1
10815,0.1370700E-1
10816,0.1372000E-1
10817,0.1373300E-1
10818,0.1374700E-1
10819,0.1376200E-1
10820,0.1377600E-1
10821,0.1378900E-1
10822,0.1380200E-1
10823,0.1381600E-1
10824,0.1383000E-1
10825,0.1384400E-1
10826,0.1385800E-1
10827,0.1387100E-1
10828,0.1388600E-1
10829,0.1389800E-1
10830,0.1391100E-1
10831,0.1392500E-1
10832,0.1394900E-1
10833,0.1396300E-1
10834,0.1397800E-1
10835,0.1399200E-1
10836,0.1400600E-1
10837,0.1401900E-1
10838,0.1403300E-1
10839,0.1404500E-1
10840,0.1406000E-1
10841,0.1407400E-1
10842,0.1408800E-1
10843,0.1410100E-1
10844,0.1411600E-1
10845,0.1413000E-1
10846,0.1414400E-1
10847,0.1415700E-1
10848,0.1417200E-1
10849,0.1418500E-1
10850,0.1419800E-1
10851,0.1421200E-1
10852,0.1422600E-1
10853,0.1424100E-1
10854,0.1425600E-1
10855,0.1427000E-1
10856,0.1428400E-1
10857,0.1429800E-1
10858,0.1431100E-1
10859,0.1432500E-1
10860,0.1434000E-1
10861,0.1435400E-1
10862,0.1436800E-1
10863,0.1438200E-1
10864,0.1439500E-1
10865,0.1440700E-1
10866,0.1442100E-1
10867,0.1443400E-1
10868,0.1444800E-1
10869,0.1446100E-1
10870,0.1447500E-1
10871,0.1448900E-1
10872,0.1450200E-1
10873,0.1451700E-1
10874,0.1453000E-1
10875,0.1454500E-1
10876,0.1455700E-1
10877,0.1457000E-1
10878,0.1458400E-1
10879,0.1459900E-1
10880,0.1461200E-1
10881,0.1462500E-1
10882,0.1464000E-1
10883,0.1465300E-1
10884,0.1466600E-1
10885,0.1468000E-1
10886,0.1469400E-1
10887,0.1476600E-1
10888,0.1480000E-1
10889,0.1481600E-1
10890,0.1483400E-1
10891,0.1485100E-1
10892,0.1486700E-1
10893,0.1490000E-1
10894,0.1491600E-1
10895,0.1493200E-1
10896,0.1495000E-1
10897,0.1497900E-1
10898,0.1499600E-1
10899,0.1501400E-1
10900,0.1503100E-1
10901,0.1504700E-1
10902,0.1506500E-1
10903,0.1508300E-1
10904,0.1510300E-1
10905,0.1513200E-1
10906,0.1514700E-1
10907,0.1516200E-1
10908,0.1517700E-1
10909,0.1519200E-1
10910,0.1520900E-1
10911,0.1522600E-1
10912,0.1525800E-1
10913,0.1527800E-1
10914,0.1529700E-1
10915,0.1531500E-1
10916,0.1533300E-1
10917,0.1536300E-1
10918,0.1540900E-1
10919,0.1542300E-1
10920,0.1543900E-1
10921,0.1545400E-1
10922,0.1548300E-1
10923,0.1549800E-1
10924,0.1551200E-1
10925,0.1552700E-1
10926,0.1554100E-1
10927,0.1555500E-1
10928,0.1556700E-1
10929,0.1558200E-1
10930,0.1559700E-1
10931,0.1561000E-1
10932,0.1562500E-1
10933,0.1577000E-1
10934,0.1583000E-1
10935,0.1586800E-1
10936,0.1588700E-1
10937,0.1590400E-1
10938,0.1595500E-1
10939,0.1597400E-1
10940,0.1599300E-1
10941,0.1603100E-1
10942,0.1606000E-1
10943,0.1609500E-1
10944,0.1610900E-1
10945,0.1612500E-1
10946,0.1615300E-1
10947,0.1618800E-1
10948,0.1620400E-1
10949,0.1622000E-1
10950,0.1623700E-1
10951,0.1628400E-1
10952,0.1630200E-1
10953,0.1631800E-1
10954,0.1633500E-1
10955,0.1635300E-1
10956,0.1637000E-1
10957,0.1638800E-1
10958,0.1640400E-1
10959,0.1642200E-1
10960,0.1643900E-1
10961,0.1645500E-1
10962,0.1647100E-1
10963,0.1648800E-1
10964,0.1651900E-1
10965,0.1653400E-1
10966,0.1654800E-1
10967,0.1658200E-1
10968,0.1659900E-1
10969,0.1661700E-1
10970,0.1666600E-1
10971,0.1668500E-1
10972,0.1671500E-1
10973,0.1672800E-1
10974,0.1674300E-1
10975,0.1677700E-1
10976,0.1679600E-1
10977,0.1681300E-1
10978,0.1684300E-1
10979,0.1685800E-1
10980,0.1687400E-1
10981,0.1689000E-1
10982,0.1690400E-1
10983,0.1691900E-1
10984,0.1693400E-1
10985,0.1695000E-1
10986,0.1698600E-1
10987,0.1700400E-1
10988,0.1702300E-1
10989,0.1703900E-1
10990,0.1705800E-1
10991,0.1707400E-1
10992,0.1710500E-1
10993,0.1713900E-1
10994,0.1715700E-1
10995,0.1717300E-1
10996,0.1718900E-1
10997,0.1722000E-1
10998,0.1723300E-1
10999,0.1725000E-1
11000,0.1726600E-1
 ---
