Size of array,Matrix Time
11,0.6510000E-3
12,0.6830000E-3
13,0.6870000E-3
14,0.7020000E-3
15,0.7070000E-3
16,0.7120000E-3
17,0.7160000E-3
18,0.7280000E-3
19,0.7530000E-3
20,0.7720000E-3
21,0.2962000E-2
22,0.3030000E-2
23,0.3088000E-2
24,0.3146000E-2
25,0.3203000E-2
26,0.3243000E-2
27,0.3256000E-2
28,0.3259000E-2
29,0.3260000E-2
30,0.3261000E-2
31,0.3263000E-2
32,0.3264000E-2
33,0.3266000E-2
34,0.3267000E-2
35,0.3276000E-2
36,0.3277000E-2
37,0.3278000E-2
38,0.3280000E-2
39,0.3281000E-2
40,0.3284000E-2
41,0.3286000E-2
42,0.3287000E-2
43,0.3288000E-2
44,0.3298000E-2
45,0.3315000E-2
46,0.3317000E-2
47,0.3318000E-2
48,0.3320000E-2
49,0.3335000E-2
50,0.3337000E-2
51,0.3339000E-2
52,0.3341000E-2
53,0.3342000E-2
54,0.3343000E-2
55,0.3355000E-2
56,0.3367000E-2
57,0.3383000E-2
58,0.3385000E-2
59,0.3386000E-2
60,0.3388000E-2
61,0.3389000E-2
62,0.3391000E-2
63,0.3394000E-2
64,0.3395000E-2
65,0.3405000E-2
66,0.3407000E-2
67,0.3421000E-2
68,0.3423000E-2
69,0.3424000E-2
70,0.3436000E-2
71,0.3449000E-2
72,0.3460000E-2
73,0.3462000E-2
74,0.3463000E-2
75,0.3476000E-2
76,0.3491000E-2
77,0.3495000E-2
78,0.3506000E-2
79,0.3517000E-2
80,0.3534000E-2
81,0.3536000E-2
82,0.3537000E-2
83,0.3538000E-2
84,0.3540000E-2
85,0.3544000E-2
86,0.3545000E-2
87,0.3547000E-2
88,0.3561000E-2
89,0.3563000E-2
90,0.3575000E-2
91,0.3576000E-2
92,0.3578000E-2
93,0.3582000E-2
94,0.3584000E-2
95,0.3587000E-2
96,0.3597000E-2
97,0.3613000E-2
98,0.3624000E-2
99,0.3637000E-2
100,0.3638000E-2
101,0.3639000E-2
102,0.3641000E-2
103,0.3653000E-2
104,0.3665000E-2
105,0.3682000E-2
106,0.3698000E-2
107,0.3700000E-2
108,0.3702000E-2
109,0.3704000E-2
110,0.3715000E-2
111,0.3726000E-2
112,0.3744000E-2
113,0.3758000E-2
114,0.3761000E-2
115,0.3763000E-2
116,0.3776000E-2
117,0.3792000E-2
118,0.3807000E-2
119,0.3809000E-2
120,0.3811000E-2
121,0.3813000E-2
122,0.3815000E-2
123,0.3817000E-2
124,0.3830000E-2
125,0.3832000E-2
126,0.3835000E-2
127,0.3850000E-2
128,0.3862000E-2
129,0.3879000E-2
130,0.3882000E-2
131,0.3884000E-2
132,0.3886000E-2
133,0.3888000E-2
134,0.3891000E-2
135,0.3893000E-2
136,0.3905000E-2
137,0.3920000E-2
138,0.3931000E-2
139,0.3949000E-2
140,0.3960000E-2
141,0.3972000E-2
142,0.3986000E-2
143,0.3998000E-2
144,0.4008000E-2
145,0.4026000E-2
146,0.4028000E-2
147,0.4030000E-2
148,0.4033000E-2
149,0.4044000E-2
150,0.4047000E-2
151,0.4051000E-2
152,0.4066000E-2
153,0.4078000E-2
154,0.4093000E-2
155,0.4105000E-2
156,0.4107000E-2
157,0.4117000E-2
158,0.4127000E-2
159,0.4139000E-2
160,0.4152000E-2
161,0.4155000E-2
162,0.4165000E-2
163,0.4167000E-2
164,0.4177000E-2
165,0.4193000E-2
166,0.4196000E-2
167,0.4198000E-2
168,0.4200000E-2
169,0.4203000E-2
170,0.4208000E-2
171,0.4210000E-2
172,0.4226000E-2
173,0.4230000E-2
174,0.4232000E-2
175,0.4244000E-2
176,0.4247000E-2
177,0.4249000E-2
178,0.4261000E-2
179,0.4276000E-2
180,0.4293000E-2
181,0.4296000E-2
182,0.4298000E-2
183,0.4301000E-2
184,0.4305000E-2
185,0.4308000E-2
186,0.4318000E-2
187,0.4336000E-2
188,0.4350000E-2
189,0.4365000E-2
190,0.4368000E-2
191,0.4370000E-2
192,0.4373000E-2
193,0.4386000E-2
194,0.4399000E-2
195,0.4404000E-2
196,0.4420000E-2
197,0.4436000E-2
198,0.4450000E-2
199,0.4453000E-2
200,0.4456000E-2
201,0.4458000E-2
202,0.4471000E-2
203,0.4476000E-2
204,0.4492000E-2
205,0.4503000E-2
206,0.4508000E-2
207,0.4523000E-2
208,0.4526000E-2
209,0.4529000E-2
210,0.4541000E-2
211,0.4544000E-2
212,0.4547000E-2
213,0.4559000E-2
214,0.4573000E-2
215,0.4590000E-2
216,0.4593000E-2
217,0.4604000E-2
218,0.4618000E-2
219,0.4632000E-2
220,0.4646000E-2
221,0.4649000E-2
222,0.4652000E-2
223,0.4665000E-2
224,0.4679000E-2
225,0.4695000E-2
226,0.4699000E-2
227,0.4702000E-2
228,0.4719000E-2
229,0.4732000E-2
230,0.4735000E-2
231,0.4746000E-2
232,0.4764000E-2
233,0.4767000E-2
234,0.4770000E-2
235,0.4781000E-2
236,0.4784000E-2
237,0.4796000E-2
238,0.4815000E-2
239,0.4818000E-2
240,0.4821000E-2
241,0.4823000E-2
242,0.4837000E-2
243,0.4842000E-2
244,0.4858000E-2
245,0.4870000E-2
246,0.4889000E-2
247,0.4892000E-2
248,0.4895000E-2
249,0.4898000E-2
250,0.4909000E-2
251,0.4912000E-2
252,0.4927000E-2
253,0.4940000E-2
254,0.4952000E-2
255,0.4969000E-2
256,0.4972000E-2
257,0.4975000E-2
258,0.4997000E-2
259,0.5001000E-2
260,0.5016000E-2
261,0.5029000E-2
262,0.5042000E-2
263,0.5054000E-2
264,0.5067000E-2
265,0.5079000E-2
266,0.5082000E-2
267,0.5086000E-2
268,0.5097000E-2
269,0.5109000E-2
270,0.5121000E-2
271,0.5124000E-2
272,0.5128000E-2
273,0.5140000E-2
274,0.5143000E-2
275,0.5149000E-2
276,0.5162000E-2
277,0.5175000E-2
278,0.5189000E-2
279,0.5204000E-2
280,0.5207000E-2
281,0.5211000E-2
282,0.5224000E-2
283,0.5238000E-2
284,0.5250000E-2
285,0.5262000E-2
286,0.5275000E-2
287,0.5278000E-2
288,0.5291000E-2
289,0.5303000E-2
290,0.5316000E-2
291,0.5328000E-2
292,0.5340000E-2
293,0.5354000E-2
294,0.5366000E-2
295,0.5378000E-2
296,0.5392000E-2
297,0.5421000E-2
298,0.5424000E-2
299,0.5436000E-2
300,0.5448000E-2
301,0.5463000E-2
302,0.5467000E-2
303,0.5471000E-2
304,0.5482000E-2
305,0.5494000E-2
306,0.5506000E-2
307,0.5519000E-2
308,0.5523000E-2
309,0.5526000E-2
310,0.5530000E-2
311,0.5544000E-2
312,0.5548000E-2
313,0.5560000E-2
314,0.5572000E-2
315,0.5587000E-2
316,0.5600000E-2
317,0.5613000E-2
318,0.5617000E-2
319,0.5630000E-2
320,0.5643000E-2
321,0.5657000E-2
322,0.5671000E-2
323,0.5676000E-2
324,0.5690000E-2
325,0.5704000E-2
326,0.5718000E-2
327,0.5733000E-2
328,0.5747000E-2
329,0.5761000E-2
330,0.5765000E-2
331,0.5778000E-2
332,0.5792000E-2
333,0.5797000E-2
334,0.5801000E-2
335,0.5805000E-2
336,0.5819000E-2
337,0.5823000E-2
338,0.5837000E-2
339,0.5849000E-2
340,0.5864000E-2
341,0.5877000E-2
342,0.5890000E-2
343,0.5903000E-2
344,0.5937000E-2
345,0.5941000E-2
346,0.5957000E-2
347,0.5977000E-2
348,0.5998000E-2
349,0.6020000E-2
350,0.6043000E-2
351,0.6066000E-2
352,0.6090000E-2
353,0.6113000E-2
354,0.6137000E-2
355,0.6151000E-2
356,0.6172000E-2
357,0.6192000E-2
358,0.6196000E-2
359,0.6201000E-2
360,0.6205000E-2
361,0.6211000E-2
362,0.6226000E-2
363,0.6230000E-2
364,0.6244000E-2
365,0.6257000E-2
366,0.6272000E-2
367,0.6286000E-2
368,0.6291000E-2
369,0.6304000E-2
370,0.6319000E-2
371,0.6331000E-2
372,0.6346000E-2
373,0.6358000E-2
374,0.6363000E-2
375,0.6367000E-2
376,0.6380000E-2
377,0.6394000E-2
378,0.6410000E-2
379,0.6415000E-2
380,0.6427000E-2
381,0.6441000E-2
382,0.6446000E-2
383,0.6460000E-2
384,0.6473000E-2
385,0.6486000E-2
386,0.6500000E-2
387,0.6513000E-2
388,0.6526000E-2
389,0.6540000E-2
390,0.6553000E-2
391,0.6558000E-2
392,0.6572000E-2
393,0.6585000E-2
394,0.6590000E-2
395,0.6602000E-2
396,0.6616000E-2
397,0.6620000E-2
398,0.6634000E-2
399,0.6649000E-2
400,0.6661000E-2
401,0.6674000E-2
402,0.6686000E-2
403,0.6699000E-2
404,0.6703000E-2
405,0.6716000E-2
406,0.6729000E-2
407,0.6742000E-2
408,0.6756000E-2
409,0.6771000E-2
410,0.6784000E-2
411,0.6799000E-2
412,0.6803000E-2
413,0.6807000E-2
414,0.6820000E-2
415,0.6825000E-2
416,0.6838000E-2
417,0.6851000E-2
418,0.6864000E-2
419,0.6877000E-2
420,0.6881000E-2
421,0.6895000E-2
422,0.6900000E-2
423,0.6906000E-2
424,0.6921000E-2
425,0.6925000E-2
426,0.6940000E-2
427,0.6954000E-2
428,0.6967000E-2
429,0.6971000E-2
430,0.6984000E-2
431,0.6997000E-2
432,0.7002000E-2
433,0.7016000E-2
434,0.7031000E-2
435,0.7037000E-2
436,0.7041000E-2
437,0.7056000E-2
438,0.7061000E-2
439,0.7074000E-2
440,0.7088000E-2
441,0.7102000E-2
442,0.7116000E-2
443,0.7129000E-2
444,0.7142000E-2
445,0.7159000E-2
446,0.7172000E-2
447,0.7186000E-2
448,0.7199000E-2
449,0.7212000E-2
450,0.7217000E-2
451,0.7231000E-2
452,0.7246000E-2
453,0.7262000E-2
454,0.7267000E-2
455,0.7281000E-2
456,0.7296000E-2
457,0.7312000E-2
458,0.7317000E-2
459,0.7322000E-2
460,0.7335000E-2
461,0.7348000E-2
462,0.7363000E-2
463,0.7369000E-2
464,0.7382000E-2
465,0.7388000E-2
466,0.7401000E-2
467,0.7416000E-2
468,0.7423000E-2
469,0.7438000E-2
470,0.7443000E-2
471,0.7456000E-2
472,0.7463000E-2
473,0.7476000E-2
474,0.7490000E-2
475,0.7503000E-2
476,0.7517000E-2
477,0.7531000E-2
478,0.7546000E-2
479,0.7560000E-2
480,0.7575000E-2
481,0.7588000E-2
482,0.7602000E-2
483,0.7616000E-2
484,0.7630000E-2
485,0.7636000E-2
486,0.7641000E-2
487,0.7646000E-2
488,0.7661000E-2
489,0.7666000E-2
490,0.7671000E-2
491,0.7684000E-2
492,0.7698000E-2
493,0.7714000E-2
494,0.7719000E-2
495,0.7724000E-2
496,0.7740000E-2
497,0.7745000E-2
498,0.7758000E-2
499,0.7788000E-2
500,0.7807000E-2
501,0.7824000E-2
502,0.7830000E-2
503,0.7844000E-2
504,0.7859000E-2
505,0.7866000E-2
506,0.7874000E-2
507,0.7891000E-2
508,0.7897000E-2
509,0.7911000E-2
510,0.7926000E-2
511,0.7932000E-2
512,0.7948000E-2
513,0.7957000E-2
514,0.7973000E-2
515,0.7990000E-2
516,0.8005000E-2
517,0.8011000E-2
518,0.8027000E-2
519,0.8042000E-2
520,0.8058000E-2
521,0.8073000E-2
522,0.8079000E-2
523,0.8095000E-2
524,0.8110000E-2
525,0.8126000E-2
526,0.8134000E-2
527,0.8150000E-2
528,0.8157000E-2
529,0.8172000E-2
530,0.8181000E-2
531,0.8198000E-2
532,0.8204000E-2
533,0.8221000E-2
534,0.8239000E-2
535,0.8254000E-2
536,0.8271000E-2
537,0.8280000E-2
538,0.8296000E-2
539,0.8303000E-2
540,0.8321000E-2
541,0.8328000E-2
542,0.8346000E-2
543,0.8362000E-2
544,0.8369000E-2
545,0.8386000E-2
546,0.8393000E-2
547,0.8409000E-2
548,0.8426000E-2
549,0.8432000E-2
550,0.8448000E-2
551,0.8464000E-2
552,0.8470000E-2
553,0.8486000E-2
554,0.8495000E-2
555,0.8510000E-2
556,0.8528000E-2
557,0.8534000E-2
558,0.8551000E-2
559,0.8568000E-2
560,0.8574000E-2
561,0.8590000E-2
562,0.8596000E-2
563,0.8612000E-2
564,0.8630000E-2
565,0.8636000E-2
566,0.8653000E-2
567,0.8670000E-2
568,0.8687000E-2
569,0.8705000E-2
570,0.8721000E-2
571,0.8738000E-2
572,0.8754000E-2
573,0.8761000E-2
574,0.8768000E-2
575,0.8783000E-2
576,0.8798000E-2
577,0.8814000E-2
578,0.8831000E-2
579,0.8838000E-2
580,0.8855000E-2
581,0.8861000E-2
582,0.8879000E-2
583,0.8897000E-2
584,0.8914000E-2
585,0.8921000E-2
586,0.8928000E-2
587,0.8943000E-2
588,0.8949000E-2
589,0.8965000E-2
590,0.8980000E-2
591,0.8997000E-2
592,0.9003000E-2
593,0.9016000E-2
594,0.9033000E-2
595,0.9039000E-2
596,0.9056000E-2
597,0.9072000E-2
598,0.9086000E-2
599,0.9092000E-2
600,0.9097000E-2
601,0.9111000E-2
602,0.9126000E-2
603,0.9140000E-2
604,0.9155000E-2
605,0.9161000E-2
606,0.9178000E-2
607,0.9184000E-2
608,0.9198000E-2
609,0.9212000E-2
610,0.9218000E-2
611,0.9224000E-2
612,0.9239000E-2
613,0.9256000E-2
614,0.9273000E-2
615,0.9280000E-2
616,0.9297000E-2
617,0.9303000E-2
618,0.9320000E-2
619,0.9336000E-2
620,0.9343000E-2
621,0.9349000E-2
622,0.9363000E-2
623,0.9369000E-2
624,0.9385000E-2
625,0.9402000E-2
626,0.9408000E-2
627,0.9416000E-2
628,0.9432000E-2
629,0.9448000E-2
630,0.9463000E-2
631,0.9469000E-2
632,0.9483000E-2
633,0.9500000E-2
634,0.9507000E-2
635,0.9523000E-2
636,0.9540000E-2
637,0.9546000E-2
638,0.9561000E-2
639,0.9567000E-2
640,0.9573000E-2
641,0.9589000E-2
642,0.9605000E-2
643,0.9612000E-2
644,0.9618000E-2
645,0.9635000E-2
646,0.9641000E-2
647,0.9658000E-2
648,0.9675000E-2
649,0.9692000E-2
650,0.9708000E-2
651,0.9714000E-2
652,0.9728000E-2
653,0.9735000E-2
654,0.9750000E-2
655,0.9765000E-2
656,0.9782000E-2
657,0.9788000E-2
658,0.9806000E-2
659,0.9812000E-2
660,0.9829000E-2
661,0.9846000E-2
662,0.9862000E-2
663,0.9870000E-2
664,0.9886000E-2
665,0.9900000E-2
666,0.9916000E-2
667,0.9933000E-2
668,0.9950000E-2
669,0.9965000E-2
670,0.9982000E-2
671,0.9998000E-2
672,0.1000400E-1
673,0.1002000E-1
674,0.1003600E-1
675,0.1005200E-1
676,0.1006800E-1
677,0.1008400E-1
678,0.1010000E-1
679,0.1011600E-1
680,0.1013200E-1
681,0.1014900E-1
682,0.1015500E-1
683,0.1017100E-1
684,0.1018500E-1
685,0.1019100E-1
686,0.1020700E-1
687,0.1022200E-1
688,0.1022800E-1
689,0.1024300E-1
690,0.1024900E-1
691,0.1026500E-1
692,0.1028100E-1
693,0.1028700E-1
694,0.1030300E-1
695,0.1031900E-1
696,0.1033400E-1
697,0.1034900E-1
698,0.1036400E-1
699,0.1037800E-1
700,0.1038400E-1
701,0.1040000E-1
702,0.1041500E-1
703,0.1042100E-1
704,0.1043700E-1
705,0.1045400E-1
706,0.1046000E-1
707,0.1046600E-1
708,0.1048200E-1
709,0.1048800E-1
710,0.1050300E-1
711,0.1051800E-1
712,0.1052400E-1
713,0.1053900E-1
714,0.1054500E-1
715,0.1056200E-1
716,0.1057900E-1
717,0.1058500E-1
718,0.1060100E-1
719,0.1060900E-1
720,0.1062300E-1
721,0.1062900E-1
722,0.1064500E-1
723,0.1066200E-1
724,0.1067800E-1
725,0.1068500E-1
726,0.1070100E-1
727,0.1071800E-1
728,0.1073500E-1
729,0.1074200E-1
730,0.1075900E-1
731,0.1076500E-1
732,0.1078200E-1
733,0.1079800E-1
734,0.1080500E-1
735,0.1082100E-1
736,0.1083900E-1
737,0.1085600E-1
738,0.1086200E-1
739,0.1087900E-1
740,0.1090400E-1
741,0.1092300E-1
742,0.1094000E-1
743,0.1096400E-1
744,0.1098100E-1
745,0.1099900E-1
746,0.1101700E-1
747,0.1103500E-1
748,0.1104300E-1
749,0.1105800E-1
750,0.1107500E-1
751,0.1108300E-1
752,0.1110100E-1
753,0.1111900E-1
754,0.1112700E-1
755,0.1114200E-1
756,0.1115800E-1
757,0.1117500E-1
758,0.1119100E-1
759,0.1119800E-1
760,0.1121300E-1
761,0.1122900E-1
762,0.1123700E-1
763,0.1125200E-1
764,0.1126800E-1
765,0.1128400E-1
766,0.1130200E-1
767,0.1132100E-1
768,0.1133100E-1
769,0.1134900E-1
770,0.1136800E-1
771,0.1138600E-1
772,0.1140200E-1
773,0.1142000E-1
774,0.1143600E-1
775,0.1144400E-1
776,0.1145200E-1
777,0.1146700E-1
778,0.1148500E-1
779,0.1150200E-1
780,0.1151700E-1
781,0.1153200E-1
782,0.1153900E-1
783,0.1155400E-1
784,0.1157000E-1
785,0.1158600E-1
786,0.1160200E-1
787,0.1161800E-1
788,0.1163400E-1
789,0.1164900E-1
790,0.1167200E-1
791,0.1168800E-1
792,0.1170400E-1
793,0.1171100E-1
794,0.1172600E-1
795,0.1173200E-1
796,0.1174600E-1
797,0.1175300E-1
798,0.1176800E-1
799,0.1178500E-1
800,0.1180000E-1
801,0.1180800E-1
802,0.1182500E-1
803,0.1184000E-1
804,0.1184700E-1
805,0.1186400E-1
806,0.1187800E-1
807,0.1189200E-1
808,0.1190800E-1
809,0.1191400E-1
810,0.1193200E-1
811,0.1195000E-1
812,0.1195700E-1
813,0.1197300E-1
814,0.1199100E-1
815,0.1199800E-1
816,0.1201500E-1
817,0.1202200E-1
818,0.1203600E-1
819,0.1204400E-1
820,0.1205800E-1
821,0.1207400E-1
822,0.1208400E-1
823,0.1210100E-1
824,0.1210800E-1
825,0.1212300E-1
826,0.1213900E-1
827,0.1215700E-1
828,0.1216400E-1
829,0.1217200E-1
830,0.1218800E-1
831,0.1219500E-1
832,0.1221200E-1
833,0.1222800E-1
834,0.1224500E-1
835,0.1225300E-1
836,0.1227000E-1
837,0.1227700E-1
838,0.1229200E-1
839,0.1230800E-1
840,0.1231500E-1
841,0.1232200E-1
842,0.1234000E-1
843,0.1234700E-1
844,0.1236100E-1
845,0.1237600E-1
846,0.1239400E-1
847,0.1241100E-1
848,0.1242700E-1
849,0.1243400E-1
850,0.1244100E-1
851,0.1245800E-1
852,0.1247500E-1
853,0.1248300E-1
854,0.1249900E-1
855,0.1250500E-1
856,0.1252100E-1
857,0.1253600E-1
858,0.1254400E-1
859,0.1256000E-1
860,0.1257400E-1
861,0.1258900E-1
862,0.1260600E-1
863,0.1261300E-1
864,0.1263000E-1
865,0.1263600E-1
866,0.1265000E-1
867,0.1266400E-1
868,0.1267900E-1
869,0.1269300E-1
870,0.1270800E-1
871,0.1271500E-1
872,0.1272100E-1
873,0.1273700E-1
874,0.1275200E-1
875,0.1275900E-1
876,0.1277400E-1
877,0.1279100E-1
878,0.1280600E-1
879,0.1282300E-1
880,0.1283900E-1
881,0.1285400E-1
882,0.1286900E-1
883,0.1288400E-1
884,0.1289800E-1
885,0.1291300E-1
886,0.1292900E-1
887,0.1294300E-1
888,0.1295000E-1
889,0.1296500E-1
890,0.1297900E-1
891,0.1298600E-1
892,0.1300200E-1
893,0.1301700E-1
894,0.1303300E-1
895,0.1303900E-1
896,0.1305600E-1
897,0.1307200E-1
898,0.1308700E-1
899,0.1310100E-1
900,0.1311600E-1
901,0.1313100E-1
902,0.1314600E-1
903,0.1316100E-1
904,0.1317600E-1
905,0.1318300E-1
906,0.1319900E-1
907,0.1321400E-1
908,0.1323100E-1
909,0.1323800E-1
910,0.1325500E-1
911,0.1327200E-1
912,0.1327900E-1
913,0.1329400E-1
914,0.1331000E-1
915,0.1331700E-1
916,0.1333300E-1
917,0.1335000E-1
918,0.1336700E-1
919,0.1338300E-1
920,0.1339000E-1
921,0.1340700E-1
922,0.1341500E-1
923,0.1343000E-1
924,0.1344700E-1
925,0.1345300E-1
926,0.1346200E-1
927,0.1347700E-1
928,0.1349500E-1
929,0.1351200E-1
930,0.1352200E-1
931,0.1353900E-1
932,0.1355600E-1
933,0.1357200E-1
934,0.1359000E-1
935,0.1360600E-1
936,0.1361300E-1
937,0.1362800E-1
938,0.1363400E-1
939,0.1364800E-1
940,0.1366300E-1
941,0.1367800E-1
942,0.1369300E-1
943,0.1370200E-1
944,0.1371900E-1
945,0.1372600E-1
946,0.1374100E-1
947,0.1374800E-1
948,0.1376500E-1
949,0.1377200E-1
950,0.1378700E-1
951,0.1380300E-1
952,0.1381000E-1
953,0.1382700E-1
954,0.1384500E-1
955,0.1386200E-1
956,0.1387100E-1
957,0.1388800E-1
958,0.1389600E-1
959,0.1391300E-1
960,0.1392000E-1
961,0.1393600E-1
962,0.1395400E-1
963,0.1397200E-1
964,0.1398000E-1
965,0.1399700E-1
966,0.1400400E-1
967,0.1402100E-1
968,0.1403000E-1
969,0.1404400E-1
970,0.1406100E-1
971,0.1407700E-1
972,0.1408400E-1
973,0.1410100E-1
974,0.1411800E-1
975,0.1413300E-1
976,0.1414000E-1
977,0.1415500E-1
978,0.1416400E-1
979,0.1417800E-1
980,0.1419300E-1
981,0.1421200E-1
982,0.1422800E-1
983,0.1424300E-1
984,0.1425000E-1
985,0.1426600E-1
986,0.1428200E-1
987,0.1429800E-1
988,0.1431400E-1
989,0.1432900E-1
990,0.1434500E-1
991,0.1437800E-1
992,0.1439100E-1
993,0.1440900E-1
994,0.1442500E-1
995,0.1444100E-1
996,0.1445700E-1
997,0.1447300E-1
998,0.1448800E-1
999,0.1449600E-1
1000,0.1451100E-1
1001,0.1452900E-1
1002,0.1454600E-1
1003,0.1455300E-1
1004,0.1456900E-1
1005,0.1458500E-1
1006,0.1460000E-1
1007,0.1461700E-1
1008,0.1463300E-1
1009,0.1464800E-1
1010,0.1490200E-1
 ---
101,0.3980000E-3
102,0.4200000E-3
103,0.4420000E-3
104,0.4610000E-3
105,0.4900000E-3
106,0.5070000E-3
107,0.5120000E-3
108,0.5200000E-3
109,0.5380000E-3
110,0.5670000E-3
111,0.5940000E-3
112,0.5990000E-3
113,0.6120000E-3
114,0.6380000E-3
115,0.6420000E-3
116,0.6460000E-3
117,0.6490000E-3
118,0.6620000E-3
119,0.6670000E-3
120,0.6810000E-3
121,0.6960000E-3
122,0.7020000E-3
123,0.7050000E-3
124,0.7110000E-3
125,0.7260000E-3
126,0.7570000E-3
127,0.7640000E-3
128,0.7690000E-3
129,0.7730000E-3
130,0.7870000E-3
131,0.8000000E-3
132,0.8040000E-3
133,0.8170000E-3
134,0.8210000E-3
135,0.8340000E-3
136,0.8550000E-3
137,0.8670000E-3
138,0.8890000E-3
139,0.9030000E-3
140,0.9410000E-3
141,0.9630000E-3
142,0.9770000E-3
143,0.9890000E-3
144,0.1002000E-2
145,0.1005000E-2
146,0.1018000E-2
147,0.1031000E-2
148,0.1038000E-2
149,0.1057000E-2
150,0.1061000E-2
151,0.1075000E-2
152,0.1098000E-2
153,0.1103000E-2
154,0.1117000E-2
155,0.1121000E-2
156,0.1134000E-2
157,0.1154000E-2
158,0.1174000E-2
159,0.1178000E-2
160,0.1191000E-2
161,0.1197000E-2
162,0.1213000E-2
163,0.1226000E-2
164,0.1231000E-2
165,0.1244000E-2
166,0.1257000E-2
167,0.1270000E-2
168,0.1291000E-2
169,0.1304000E-2
170,0.1310000E-2
171,0.1316000E-2
172,0.1330000E-2
173,0.1345000E-2
174,0.1359000E-2
175,0.1372000E-2
176,0.1385000E-2
177,0.1389000E-2
178,0.1394000E-2
179,0.1406000E-2
180,0.1428000E-2
181,0.1434000E-2
182,0.1448000E-2
183,0.1481000E-2
184,0.1540000E-2
185,0.1555000E-2
186,0.1580000E-2
187,0.1601000E-2
188,0.1622000E-2
189,0.1636000E-2
190,0.1641000E-2
191,0.1664000E-2
192,0.1682000E-2
193,0.1723000E-2
194,0.1741000E-2
195,0.1755000E-2
196,0.1785000E-2
197,0.1807000E-2
198,0.1828000E-2
199,0.1836000E-2
200,0.1855000E-2
201,0.1869000E-2
202,0.1872000E-2
203,0.1875000E-2
204,0.1889000E-2
205,0.1903000E-2
206,0.1916000E-2
207,0.1936000E-2
208,0.1956000E-2
209,0.1962000E-2
210,0.1977000E-2
211,0.1995000E-2
212,0.1998000E-2
213,0.2001000E-2
214,0.2014000E-2
215,0.2016000E-2
216,0.2028000E-2
217,0.2039000E-2
218,0.2051000E-2
219,0.2054000E-2
220,0.2057000E-2
221,0.2063000E-2
222,0.2068000E-2
223,0.2080000E-2
224,0.2083000E-2
225,0.2096000E-2
226,0.2107000E-2
227,0.2111000E-2
228,0.2113000E-2
229,0.2133000E-2
230,0.2140000E-2
231,0.2159000E-2
232,0.2172000E-2
233,0.2184000E-2
234,0.2187000E-2
235,0.2200000E-2
236,0.2211000E-2
237,0.2224000E-2
238,0.2227000E-2
239,0.2229000E-2
240,0.2231000E-2
241,0.2234000E-2
242,0.2237000E-2
243,0.2247000E-2
244,0.2250000E-2
245,0.2260000E-2
246,0.2263000E-2
247,0.2266000E-2
248,0.2276000E-2
249,0.2279000E-2
250,0.2282000E-2
251,0.2285000E-2
252,0.2298000E-2
253,0.2301000E-2
254,0.2313000E-2
255,0.2331000E-2
256,0.2349000E-2
257,0.2415000E-2
258,0.2434000E-2
259,0.2452000E-2
260,0.2465000E-2
261,0.2468000E-2
262,0.2481000E-2
263,0.2499000E-2
264,0.2512000E-2
265,0.2518000E-2
266,0.2538000E-2
267,0.2542000E-2
268,0.2544000E-2
269,0.2558000E-2
270,0.2575000E-2
271,0.2593000E-2
272,0.2614000E-2
273,0.2618000E-2
274,0.2621000E-2
275,0.2624000E-2
276,0.2628000E-2
277,0.2643000E-2
278,0.2647000E-2
279,0.2649000E-2
280,0.2662000E-2
281,0.2675000E-2
282,0.2689000E-2
283,0.2693000E-2
284,0.2706000E-2
285,0.2709000E-2
286,0.2712000E-2
287,0.2723000E-2
288,0.2734000E-2
289,0.2752000E-2
290,0.2774000E-2
291,0.2781000E-2
292,0.2796000E-2
293,0.2807000E-2
294,0.2819000E-2
295,0.2822000E-2
296,0.2834000E-2
297,0.2838000E-2
298,0.2841000E-2
299,0.2852000E-2
300,0.2855000E-2
301,0.2858000E-2
302,0.2862000E-2
303,0.2866000E-2
304,0.2869000E-2
305,0.2872000E-2
306,0.2875000E-2
307,0.2887000E-2
308,0.2892000E-2
309,0.2905000E-2
310,0.2911000E-2
311,0.2942000E-2
312,0.2957000E-2
313,0.2973000E-2
314,0.2977000E-2
315,0.2989000E-2
316,0.3003000E-2
317,0.3015000E-2
318,0.3019000E-2
319,0.3022000E-2
320,0.3036000E-2
321,0.3039000E-2
322,0.3042000E-2
323,0.3054000E-2
324,0.3060000E-2
325,0.3066000E-2
326,0.3069000E-2
327,0.3083000E-2
328,0.3087000E-2
329,0.3090000E-2
330,0.3103000E-2
331,0.3117000E-2
332,0.3131000E-2
333,0.3135000E-2
334,0.3148000E-2
335,0.3161000E-2
336,0.3165000E-2
337,0.3168000E-2
338,0.3172000E-2
339,0.3178000E-2
340,0.3193000E-2
341,0.3206000E-2
342,0.3210000E-2
343,0.3214000E-2
344,0.3228000E-2
345,0.3232000E-2
346,0.3244000E-2
347,0.3258000E-2
348,0.3270000E-2
349,0.3274000E-2
350,0.3278000E-2
351,0.3293000E-2
352,0.3297000E-2
353,0.3300000E-2
354,0.3342000E-2
355,0.3361000E-2
356,0.3366000E-2
357,0.3380000E-2
358,0.3393000E-2
359,0.3397000E-2
360,0.3408000E-2
361,0.3420000E-2
362,0.3426000E-2
363,0.3429000E-2
364,0.3433000E-2
365,0.3448000E-2
366,0.3452000E-2
367,0.3456000E-2
368,0.3459000E-2
369,0.3462000E-2
370,0.3474000E-2
371,0.3487000E-2
372,0.3500000E-2
373,0.3504000E-2
374,0.3518000E-2
375,0.3530000E-2
376,0.3544000E-2
377,0.3548000E-2
378,0.3562000E-2
379,0.3576000E-2
380,0.3582000E-2
381,0.3602000E-2
382,0.3625000E-2
383,0.3638000E-2
384,0.3650000E-2
385,0.3653000E-2
386,0.3666000E-2
387,0.3679000E-2
388,0.3691000E-2
389,0.3696000E-2
390,0.3699000E-2
391,0.3703000E-2
392,0.3716000E-2
393,0.3720000E-2
394,0.3732000E-2
395,0.3736000E-2
396,0.3748000E-2
397,0.3762000E-2
398,0.3774000E-2
399,0.3778000E-2
400,0.3790000E-2
401,0.3803000E-2
402,0.3815000E-2
403,0.3827000E-2
404,0.3839000E-2
405,0.3843000E-2
406,0.3855000E-2
407,0.3867000E-2
408,0.3879000E-2
409,0.3891000E-2
410,0.3895000E-2
411,0.3907000E-2
412,0.3918000E-2
413,0.3930000E-2
414,0.3942000E-2
415,0.3954000E-2
416,0.3968000E-2
417,0.3981000E-2
418,0.3985000E-2
419,0.3998000E-2
420,0.4013000E-2
421,0.4028000E-2
422,0.4043000E-2
423,0.4048000E-2
424,0.4051000E-2
425,0.4065000E-2
426,0.4069000E-2
427,0.4081000E-2
428,0.4093000E-2
429,0.4106000E-2
430,0.4111000E-2
431,0.4123000E-2
432,0.4135000E-2
433,0.4149000E-2
434,0.4153000E-2
435,0.4157000E-2
436,0.4169000E-2
437,0.4183000E-2
438,0.4195000E-2
439,0.4199000E-2
440,0.4214000E-2
441,0.4228000E-2
442,0.4233000E-2
443,0.4247000E-2
444,0.4259000E-2
445,0.4272000E-2
446,0.4286000E-2
447,0.4290000E-2
448,0.4304000E-2
449,0.4319000E-2
450,0.4326000E-2
451,0.4339000E-2
452,0.4354000E-2
453,0.4366000E-2
454,0.4371000E-2
455,0.4374000E-2
456,0.4389000E-2
457,0.4403000E-2
458,0.4407000E-2
459,0.4410000E-2
460,0.4424000E-2
461,0.4428000E-2
462,0.4431000E-2
463,0.4443000E-2
464,0.4447000E-2
465,0.4460000E-2
466,0.4472000E-2
467,0.4485000E-2
468,0.4498000E-2
469,0.4510000E-2
470,0.4524000E-2
471,0.4537000E-2
472,0.4552000E-2
473,0.4557000E-2
474,0.4561000E-2
475,0.4575000E-2
476,0.4590000E-2
477,0.4603000E-2
478,0.4608000E-2
479,0.4613000E-2
480,0.4627000E-2
481,0.4633000E-2
482,0.4647000E-2
483,0.4660000E-2
484,0.4674000E-2
485,0.4689000E-2
486,0.4702000E-2
487,0.4718000E-2
488,0.4723000E-2
489,0.4729000E-2
490,0.4742000E-2
491,0.4747000E-2
492,0.4762000E-2
493,0.4776000E-2
494,0.4790000E-2
495,0.4795000E-2
496,0.4810000E-2
497,0.4825000E-2
498,0.4839000E-2
499,0.4845000E-2
500,0.4851000E-2
501,0.4865000E-2
502,0.4879000E-2
503,0.4885000E-2
504,0.4900000E-2
505,0.4905000E-2
506,0.4919000E-2
507,0.4932000E-2
508,0.4947000E-2
509,0.4952000E-2
510,0.4957000E-2
511,0.4971000E-2
512,0.4984000E-2
513,0.4998000E-2
514,0.5012000E-2
515,0.5029000E-2
516,0.5034000E-2
517,0.5048000E-2
518,0.5055000E-2
519,0.5069000E-2
520,0.5083000E-2
521,0.5088000E-2
522,0.5102000E-2
523,0.5116000E-2
524,0.5121000E-2
525,0.5137000E-2
526,0.5150000E-2
527,0.5164000E-2
528,0.5177000E-2
529,0.5192000E-2
530,0.5198000E-2
531,0.5205000E-2
532,0.5219000E-2
533,0.5225000E-2
534,0.5239000E-2
535,0.5253000E-2
536,0.5259000E-2
537,0.5265000E-2
538,0.5279000E-2
539,0.5294000E-2
540,0.5307000E-2
541,0.5313000E-2
542,0.5327000E-2
543,0.5341000E-2
544,0.5355000E-2
545,0.5361000E-2
546,0.5367000E-2
547,0.5382000E-2
548,0.5396000E-2
549,0.5412000E-2
550,0.5417000E-2
551,0.5422000E-2
552,0.5445000E-2
553,0.5451000E-2
554,0.5465000E-2
555,0.5479000E-2
556,0.5492000E-2
557,0.5497000E-2
558,0.5513000E-2
559,0.5527000E-2
560,0.5534000E-2
561,0.5542000E-2
562,0.5557000E-2
563,0.5562000E-2
564,0.5576000E-2
565,0.5590000E-2
566,0.5604000E-2
567,0.5618000E-2
568,0.5632000E-2
569,0.5647000E-2
570,0.5653000E-2
571,0.5658000E-2
572,0.5674000E-2
573,0.5679000E-2
574,0.5693000E-2
575,0.5709000E-2
576,0.5724000E-2
577,0.5730000E-2
578,0.5735000E-2
579,0.5750000E-2
580,0.5756000E-2
581,0.5769000E-2
582,0.5774000E-2
583,0.5787000E-2
584,0.5800000E-2
585,0.5814000E-2
586,0.5828000E-2
587,0.5842000E-2
588,0.5847000E-2
589,0.5861000E-2
590,0.5875000E-2
591,0.5888000E-2
592,0.5895000E-2
593,0.5909000E-2
594,0.5923000E-2
595,0.5937000E-2
596,0.5951000E-2
597,0.5959000E-2
598,0.5974000E-2
599,0.5987000E-2
600,0.6001000E-2
601,0.6016000E-2
602,0.6030000E-2
603,0.6045000E-2
604,0.6061000E-2
605,0.6075000E-2
606,0.6089000E-2
607,0.6104000E-2
608,0.6118000E-2
609,0.6133000E-2
610,0.6150000E-2
611,0.6167000E-2
612,0.6173000E-2
613,0.6188000E-2
614,0.6202000E-2
615,0.6216000E-2
616,0.6231000E-2
617,0.6246000E-2
618,0.6260000E-2
619,0.6275000E-2
620,0.6291000E-2
621,0.6308000E-2
622,0.6314000E-2
623,0.6328000E-2
624,0.6342000E-2
625,0.6358000E-2
626,0.6372000E-2
627,0.6380000E-2
628,0.6397000E-2
629,0.6404000E-2
630,0.6420000E-2
631,0.6437000E-2
632,0.6444000E-2
633,0.6450000E-2
634,0.6466000E-2
635,0.6472000E-2
636,0.6486000E-2
637,0.6500000E-2
638,0.6515000E-2
639,0.6532000E-2
640,0.6538000E-2
641,0.6553000E-2
642,0.6561000E-2
643,0.6575000E-2
644,0.6590000E-2
645,0.6604000E-2
646,0.6618000E-2
647,0.6624000E-2
648,0.6640000E-2
649,0.6646000E-2
650,0.6661000E-2
651,0.6676000E-2
652,0.6682000E-2
653,0.6696000E-2
654,0.6711000E-2
655,0.6726000E-2
656,0.6742000E-2
657,0.6760000E-2
658,0.6777000E-2
659,0.6793000E-2
660,0.6799000E-2
661,0.6813000E-2
662,0.6827000E-2
663,0.6844000E-2
664,0.6860000E-2
665,0.6874000E-2
666,0.6880000E-2
667,0.6897000E-2
668,0.6912000E-2
669,0.6926000E-2
670,0.6941000E-2
671,0.6956000E-2
672,0.6970000E-2
673,0.6985000E-2
674,0.6999000E-2
675,0.7014000E-2
676,0.7028000E-2
677,0.7034000E-2
678,0.7050000E-2
679,0.7057000E-2
680,0.7072000E-2
681,0.7080000E-2
682,0.7094000E-2
683,0.7100000E-2
684,0.7116000E-2
685,0.7130000E-2
686,0.7145000E-2
687,0.7159000E-2
688,0.7165000E-2
689,0.7181000E-2
690,0.7197000E-2
691,0.7203000E-2
692,0.7217000E-2
693,0.7231000E-2
694,0.7238000E-2
695,0.7253000E-2
696,0.7266000E-2
697,0.7281000E-2
698,0.7298000E-2
699,0.7315000E-2
700,0.7322000E-2
701,0.7328000E-2
702,0.7344000E-2
703,0.7359000E-2
704,0.7366000E-2
705,0.7381000E-2
706,0.7395000E-2
707,0.7401000E-2
708,0.7417000E-2
709,0.7432000E-2
710,0.7440000E-2
711,0.7456000E-2
712,0.7471000E-2
713,0.7486000E-2
714,0.7501000E-2
715,0.7516000E-2
716,0.7523000E-2
717,0.7538000E-2
718,0.7552000E-2
719,0.7560000E-2
720,0.7576000E-2
721,0.7582000E-2
722,0.7598000E-2
723,0.7614000E-2
724,0.7622000E-2
725,0.7628000E-2
726,0.7642000E-2
727,0.7657000E-2
728,0.7664000E-2
729,0.7680000E-2
730,0.7695000E-2
731,0.7702000E-2
732,0.7717000E-2
733,0.7732000E-2
734,0.7747000E-2
735,0.7761000E-2
736,0.7776000E-2
737,0.7791000E-2
738,0.7806000E-2
739,0.7820000E-2
740,0.7835000E-2
741,0.7852000E-2
742,0.7867000E-2
743,0.7882000E-2
744,0.7888000E-2
745,0.7905000E-2
746,0.7922000E-2
747,0.7928000E-2
748,0.7946000E-2
749,0.7953000E-2
750,0.7968000E-2
751,0.7982000E-2
752,0.7989000E-2
753,0.7995000E-2
754,0.8002000E-2
755,0.8018000E-2
756,0.8024000E-2
757,0.8041000E-2
758,0.8058000E-2
759,0.8075000E-2
760,0.8092000E-2
761,0.8107000E-2
762,0.8122000E-2
763,0.8138000E-2
764,0.8147000E-2
765,0.8161000E-2
766,0.8168000E-2
767,0.8184000E-2
768,0.8191000E-2
769,0.8207000E-2
770,0.8222000E-2
771,0.8237000E-2
772,0.8252000E-2
773,0.8267000E-2
774,0.8281000E-2
775,0.8298000E-2
776,0.8313000E-2
777,0.8329000E-2
778,0.8336000E-2
779,0.8352000E-2
780,0.8359000E-2
781,0.8373000E-2
782,0.8388000E-2
783,0.8402000E-2
784,0.8417000E-2
785,0.8434000E-2
786,0.8450000E-2
787,0.8457000E-2
788,0.8471000E-2
789,0.8478000E-2
790,0.8493000E-2
791,0.8507000E-2
792,0.8522000E-2
793,0.8547000E-2
794,0.8565000E-2
795,0.8583000E-2
796,0.8604000E-2
797,0.8611000E-2
798,0.8632000E-2
799,0.8650000E-2
800,0.8672000E-2
801,0.8688000E-2
802,0.8696000E-2
803,0.8713000E-2
804,0.8723000E-2
805,0.8739000E-2
806,0.8754000E-2
807,0.8776000E-2
808,0.8795000E-2
809,0.8810000E-2
810,0.8828000E-2
811,0.8844000E-2
812,0.8859000E-2
813,0.8879000E-2
814,0.8896000E-2
815,0.8917000E-2
816,0.8923000E-2
817,0.8940000E-2
818,0.8957000E-2
819,0.8979000E-2
820,0.8985000E-2
821,0.9002000E-2
822,0.9021000E-2
823,0.9069000E-2
824,0.9087000E-2
825,0.9094000E-2
826,0.9114000E-2
827,0.9121000E-2
828,0.9137000E-2
829,0.9157000E-2
830,0.9164000E-2
831,0.9180000E-2
832,0.9201000E-2
833,0.9219000E-2
834,0.9239000E-2
835,0.9260000E-2
836,0.9276000E-2
837,0.9292000E-2
838,0.9312000E-2
839,0.9330000E-2
840,0.9352000E-2
841,0.9359000E-2
842,0.9382000E-2
843,0.9404000E-2
844,0.9419000E-2
845,0.9435000E-2
846,0.9454000E-2
847,0.9471000E-2
848,0.9478000E-2
849,0.9492000E-2
850,0.9513000E-2
851,0.9520000E-2
852,0.9537000E-2
853,0.9558000E-2
854,0.9578000E-2
855,0.9595000E-2
856,0.9612000E-2
857,0.9633000E-2
858,0.9652000E-2
859,0.9670000E-2
860,0.9690000E-2
861,0.9697000E-2
862,0.9704000E-2
863,0.9719000E-2
864,0.9740000E-2
865,0.9747000E-2
866,0.9765000E-2
867,0.9787000E-2
868,0.9794000E-2
869,0.9800000E-2
870,0.9819000E-2
871,0.9840000E-2
872,0.9846000E-2
873,0.9863000E-2
874,0.9885000E-2
875,0.9905000E-2
876,0.9921000E-2
877,0.9936000E-2
878,0.9958000E-2
879,0.9974000E-2
880,0.9990000E-2
881,0.1000200E-1
882,0.1002200E-1
883,0.1004100E-1
884,0.1006000E-1
885,0.1007700E-1
886,0.1009600E-1
887,0.1011400E-1
888,0.1013300E-1
889,0.1014300E-1
890,0.1015900E-1
891,0.1017500E-1
892,0.1019600E-1
893,0.1021700E-1
894,0.1023200E-1
895,0.1025200E-1
896,0.1026900E-1
897,0.1028700E-1
898,0.1029600E-1
899,0.1031300E-1
900,0.1033500E-1
901,0.1035300E-1
902,0.1037400E-1
903,0.1039000E-1
904,0.1040600E-1
905,0.1042900E-1
906,0.1045100E-1
907,0.1046800E-1
908,0.1047700E-1
909,0.1049900E-1
910,0.1052400E-1
911,0.1054000E-1
912,0.1055600E-1
913,0.1057700E-1
914,0.1058400E-1
915,0.1060100E-1
916,0.1062000E-1
917,0.1064300E-1
918,0.1066400E-1
919,0.1068400E-1
920,0.1070200E-1
921,0.1072200E-1
922,0.1074400E-1
923,0.1075900E-1
924,0.1077500E-1
925,0.1079700E-1
926,0.1081300E-1
927,0.1083200E-1
928,0.1084900E-1
929,0.1087000E-1
930,0.1088600E-1
931,0.1090000E-1
932,0.1091900E-1
933,0.1093600E-1
934,0.1095500E-1
935,0.1097200E-1
936,0.1098200E-1
937,0.1100400E-1
938,0.1102400E-1
939,0.1104700E-1
940,0.1105500E-1
941,0.1107800E-1
942,0.1108500E-1
943,0.1110000E-1
944,0.1111800E-1
945,0.1113700E-1
946,0.1115700E-1
947,0.1117300E-1
948,0.1119600E-1
949,0.1121200E-1
950,0.1122900E-1
951,0.1124100E-1
952,0.1126200E-1
953,0.1128000E-1
954,0.1129600E-1
955,0.1131600E-1
956,0.1133400E-1
957,0.1135700E-1
958,0.1137500E-1
959,0.1139700E-1
960,0.1141600E-1
961,0.1143400E-1
962,0.1144400E-1
963,0.1146700E-1
964,0.1147400E-1
965,0.1149000E-1
966,0.1151100E-1
967,0.1153300E-1
968,0.1154400E-1
969,0.1156000E-1
970,0.1158200E-1
971,0.1159900E-1
972,0.1161700E-1
973,0.1163900E-1
974,0.1166000E-1
975,0.1166800E-1
976,0.1168400E-1
977,0.1170300E-1
978,0.1172300E-1
979,0.1174400E-1
980,0.1176000E-1
981,0.1177500E-1
982,0.1179700E-1
983,0.1181300E-1
984,0.1182100E-1
985,0.1184200E-1
986,0.1185800E-1
987,0.1187500E-1
988,0.1189500E-1
989,0.1191400E-1
990,0.1193200E-1
991,0.1194900E-1
992,0.1196800E-1
993,0.1199000E-1
994,0.1201300E-1
995,0.1202000E-1
996,0.1203700E-1
997,0.1205500E-1
998,0.1207600E-1
999,0.1209400E-1
1000,0.1211500E-1
1001,0.1213400E-1
1002,0.1214300E-1
1003,0.1216500E-1
1004,0.1218700E-1
1005,0.1219400E-1
1006,0.1221100E-1
1007,0.1222900E-1
1008,0.1225100E-1
1009,0.1227400E-1
1010,0.1228200E-1
1011,0.1229900E-1
1012,0.1232000E-1
1013,0.1233700E-1
1014,0.1235700E-1
1015,0.1237600E-1
1016,0.1239800E-1
1017,0.1241400E-1
1018,0.1243500E-1
1019,0.1245500E-1
1020,0.1247300E-1
1021,0.1248300E-1
1022,0.1250500E-1
1023,0.1252400E-1
1024,0.1253400E-1
1025,0.1255800E-1
1026,0.1257400E-1
1027,0.1259100E-1
1028,0.1261400E-1
1029,0.1262100E-1
1030,0.1263700E-1
1031,0.1264500E-1
1032,0.1266900E-1
1033,0.1269700E-1
1034,0.1271800E-1
1035,0.1273700E-1
1036,0.1274600E-1
1037,0.1276500E-1
1038,0.1278300E-1
1039,0.1279200E-1
1040,0.1281100E-1
1041,0.1283000E-1
1042,0.1285000E-1
1043,0.1286900E-1
1044,0.1289000E-1
1045,0.1290200E-1
1046,0.1292100E-1
1047,0.1294000E-1
1048,0.1295900E-1
1049,0.1297700E-1
1050,0.1299400E-1
1051,0.1301300E-1
1052,0.1302500E-1
1053,0.1304400E-1
1054,0.1306400E-1
1055,0.1308400E-1
1056,0.1310400E-1
1057,0.1312300E-1
1058,0.1314300E-1
1059,0.1316200E-1
1060,0.1317100E-1
1061,0.1319000E-1
1062,0.1320700E-1
1063,0.1321700E-1
1064,0.1323500E-1
1065,0.1325500E-1
1066,0.1327400E-1
1067,0.1328400E-1
1068,0.1330300E-1
1069,0.1332300E-1
1070,0.1334200E-1
1071,0.1336200E-1
1072,0.1337100E-1
1073,0.1339000E-1
1074,0.1340200E-1
1075,0.1342100E-1
1076,0.1343100E-1
1077,0.1345000E-1
1078,0.1346000E-1
1079,0.1347800E-1
1080,0.1349800E-1
1081,0.1350800E-1
1082,0.1352700E-1
1083,0.1354400E-1
1084,0.1355300E-1
1085,0.1359700E-1
1086,0.1361600E-1
1087,0.1362600E-1
1088,0.1364500E-1
1089,0.1366100E-1
1090,0.1367900E-1
1091,0.1368700E-1
1092,0.1369400E-1
1093,0.1371000E-1
1094,0.1372600E-1
1095,0.1374200E-1
1096,0.1376600E-1
1097,0.1378400E-1
1098,0.1380000E-1
1099,0.1381600E-1
1100,0.1389900E-1
 ---
1001,0.1620000E-3
1002,0.1810000E-3
1003,0.2030000E-3
1004,0.2200000E-3
1005,0.2520000E-3
1006,0.2590000E-3
1007,0.2810000E-3
1008,0.2980000E-3
1009,0.3210000E-3
1010,0.3390000E-3
1011,0.3600000E-3
1012,0.3760000E-3
1013,0.4030000E-3
1014,0.4200000E-3
1015,0.4630000E-3
1016,0.4810000E-3
1017,0.5020000E-3
1018,0.5200000E-3
1019,0.5530000E-3
1020,0.5620000E-3
1021,0.5920000E-3
1022,0.6070000E-3
1023,0.6270000E-3
1024,0.6440000E-3
1025,0.6650000E-3
1026,0.6740000E-3
1027,0.7140000E-3
1028,0.7320000E-3
1029,0.7530000E-3
1030,0.7720000E-3
1031,0.7920000E-3
1032,0.8090000E-3
1033,0.8390000E-3
1034,0.8470000E-3
1035,0.8780000E-3
1036,0.9140000E-3
1037,0.9520000E-3
1038,0.9600000E-3
1039,0.9910000E-3
1040,0.1007000E-2
1041,0.1046000E-2
1042,0.1064000E-2
1043,0.1085000E-2
1044,0.1102000E-2
1045,0.1136000E-2
1046,0.1152000E-2
1047,0.1193000E-2
1048,0.1201000E-2
1049,0.1252000E-2
1050,0.1269000E-2
1051,0.1309000E-2
1052,0.1325000E-2
1053,0.1348000E-2
1054,0.1364000E-2
1055,0.1388000E-2
1056,0.1403000E-2
1057,0.1423000E-2
1058,0.1439000E-2
1059,0.1460000E-2
1060,0.1477000E-2
1061,0.1489000E-2
1062,0.1505000E-2
1063,0.1527000E-2
1064,0.1544000E-2
1065,0.1565000E-2
1066,0.1581000E-2
1067,0.1594000E-2
1068,0.1611000E-2
1069,0.1632000E-2
1070,0.1649000E-2
1071,0.1661000E-2
1072,0.1680000E-2
1073,0.1704000E-2
1074,0.1721000E-2
1075,0.1745000E-2
1076,0.1763000E-2
1077,0.1784000E-2
1078,0.1802000E-2
1079,0.1825000E-2
1080,0.1842000E-2
1081,0.1865000E-2
1082,0.1882000E-2
1083,0.1903000E-2
1084,0.1920000E-2
1085,0.1958000E-2
1086,0.1975000E-2
1087,0.2009000E-2
1088,0.2026000E-2
1089,0.2056000E-2
1090,0.2065000E-2
1091,0.2098000E-2
1092,0.2115000E-2
1093,0.2153000E-2
1094,0.2171000E-2
1095,0.2202000E-2
1096,0.2219000E-2
1097,0.2249000E-2
1098,0.2266000E-2
1099,0.2297000E-2
1100,0.2313000E-2
1101,0.2344000E-2
1102,0.2361000E-2
1103,0.2393000E-2
1104,0.2409000E-2
1105,0.2449000E-2
1106,0.2467000E-2
1107,0.2489000E-2
1108,0.2506000E-2
1109,0.2536000E-2
1110,0.2545000E-2
1111,0.2576000E-2
1112,0.2594000E-2
1113,0.2617000E-2
1114,0.2634000E-2
1115,0.2658000E-2
1116,0.2673000E-2
1117,0.2703000E-2
1118,0.2719000E-2
1119,0.2749000E-2
1120,0.2766000E-2
1121,0.2780000E-2
1122,0.2798000E-2
1123,0.2819000E-2
1124,0.2836000E-2
1125,0.2878000E-2
1126,0.2897000E-2
1127,0.2930000E-2
1128,0.2938000E-2
1129,0.2968000E-2
1130,0.2985000E-2
1131,0.3025000E-2
1132,0.3042000E-2
1133,0.3075000E-2
1134,0.3093000E-2
1135,0.3125000E-2
1136,0.3151000E-2
1137,0.3180000E-2
1138,0.3205000E-2
1139,0.3239000E-2
1140,0.3263000E-2
1141,0.3297000E-2
1142,0.3322000E-2
1143,0.3356000E-2
1144,0.3381000E-2
1145,0.3414000E-2
1146,0.3439000E-2
1147,0.3489000E-2
1148,0.3515000E-2
1149,0.3573000E-2
1150,0.3601000E-2
1151,0.3666000E-2
1152,0.3694000E-2
1153,0.3728000E-2
1154,0.3756000E-2
1155,0.3801000E-2
1156,0.3827000E-2
1157,0.3889000E-2
1158,0.3917000E-2
1159,0.3970000E-2
1160,0.3997000E-2
1161,0.4060000E-2
1162,0.4079000E-2
1163,0.4124000E-2
1164,0.4133000E-2
1165,0.4161000E-2
1166,0.4181000E-2
1167,0.4206000E-2
1168,0.4225000E-2
1169,0.4263000E-2
1170,0.4283000E-2
1171,0.4308000E-2
1172,0.4326000E-2
1173,0.4352000E-2
1174,0.4372000E-2
1175,0.4411000E-2
1176,0.4431000E-2
1177,0.4469000E-2
1178,0.4479000E-2
1179,0.4557000E-2
1180,0.4578000E-2
1181,0.4599000E-2
1182,0.4629000E-2
1183,0.4697000E-2
1184,0.4726000E-2
1185,0.4763000E-2
1186,0.4790000E-2
1187,0.4843000E-2
1188,0.4871000E-2
1189,0.4947000E-2
1190,0.4983000E-2
1191,0.5069000E-2
1192,0.5103000E-2
1193,0.5167000E-2
1194,0.5201000E-2
1195,0.5280000E-2
1196,0.5309000E-2
1197,0.5349000E-2
1198,0.5379000E-2
1199,0.5457000E-2
1200,0.5500000E-2
1201,0.5588000E-2
1202,0.5620000E-2
1203,0.5699000E-2
1204,0.5723000E-2
1205,0.5786000E-2
1206,0.5814000E-2
1207,0.5846000E-2
1208,0.5875000E-2
1209,0.5939000E-2
1210,0.5981000E-2
1211,0.6052000E-2
1212,0.6080000E-2
1213,0.6139000E-2
1214,0.6165000E-2
1215,0.6214000E-2
1216,0.6242000E-2
1217,0.6303000E-2
1218,0.6330000E-2
1219,0.6367000E-2
1220,0.6391000E-2
1221,0.6439000E-2
1222,0.6465000E-2
1223,0.6527000E-2
1224,0.6553000E-2
1225,0.6601000E-2
1226,0.6628000E-2
1227,0.6664000E-2
1228,0.6690000E-2
1229,0.6729000E-2
1230,0.6747000E-2
1231,0.6808000E-2
1232,0.6836000E-2
1233,0.6908000E-2
1234,0.6934000E-2
1235,0.6982000E-2
1236,0.7007000E-2
1237,0.7056000E-2
1238,0.7084000E-2
1239,0.7136000E-2
1240,0.7168000E-2
1241,0.7214000E-2
1242,0.7245000E-2
1243,0.7295000E-2
1244,0.7323000E-2
1245,0.7372000E-2
1246,0.7400000E-2
1247,0.7466000E-2
1248,0.7494000E-2
1249,0.7543000E-2
1250,0.7568000E-2
1251,0.7627000E-2
1252,0.7657000E-2
1253,0.7705000E-2
1254,0.7734000E-2
1255,0.7789000E-2
1256,0.7815000E-2
1257,0.7894000E-2
1258,0.7922000E-2
1259,0.8007000E-2
1260,0.8045000E-2
1261,0.8080000E-2
1262,0.8116000E-2
1263,0.8184000E-2
1264,0.8216000E-2
1265,0.8275000E-2
1266,0.8315000E-2
1267,0.8403000E-2
1268,0.8435000E-2
1269,0.8493000E-2
1270,0.8531000E-2
1271,0.8590000E-2
1272,0.8624000E-2
1273,0.8705000E-2
1274,0.8737000E-2
1275,0.8839000E-2
1276,0.8911000E-2
1277,0.8999000E-2
1278,0.9026000E-2
1279,0.9131000E-2
1280,0.9157000E-2
1281,0.9213000E-2
1282,0.9242000E-2
1283,0.9295000E-2
1284,0.9335000E-2
1285,0.9394000E-2
1286,0.9421000E-2
1287,0.9524000E-2
1288,0.9554000E-2
1289,0.9614000E-2
1290,0.9650000E-2
1291,0.9742000E-2
1292,0.9769000E-2
1293,0.9849000E-2
1294,0.9876000E-2
1295,0.9943000E-2
1296,0.9960000E-2
1297,0.1006100E-1
1298,0.1010000E-1
1299,0.1014800E-1
1300,0.1018600E-1
1301,0.1024300E-1
1302,0.1027100E-1
1303,0.1036600E-1
1304,0.1039500E-1
1305,0.1044700E-1
1306,0.1048500E-1
1307,0.1054000E-1
1308,0.1056800E-1
1309,0.1062000E-1
1310,0.1065100E-1
1311,0.1079100E-1
1312,0.1081500E-1
1313,0.1086100E-1
1314,0.1088900E-1
1315,0.1091400E-1
1316,0.1093700E-1
1317,0.1096300E-1
1318,0.1097400E-1
1319,0.1101100E-1
1320,0.1103200E-1
1321,0.1105800E-1
1322,0.1107900E-1
1323,0.1110600E-1
1324,0.1112700E-1
1325,0.1115300E-1
1326,0.1117500E-1
1327,0.1120200E-1
1328,0.1122400E-1
1329,0.1123900E-1
1330,0.1126000E-1
1331,0.1128700E-1
1332,0.1130900E-1
1333,0.1133700E-1
1334,0.1135800E-1
1335,0.1138400E-1
1336,0.1140400E-1
1337,0.1145100E-1
1338,0.1147100E-1
1339,0.1149700E-1
1340,0.1150800E-1
1341,0.1154600E-1
1342,0.1156700E-1
1343,0.1159300E-1
1344,0.1161400E-1
1345,0.1163200E-1
1346,0.1165300E-1
1347,0.1167800E-1
1348,0.1168900E-1
1349,0.1172700E-1
1350,0.1174700E-1
1351,0.1177200E-1
1352,0.1179100E-1
1353,0.1183500E-1
1354,0.1185600E-1
1355,0.1188200E-1
1356,0.1190300E-1
1357,0.1192900E-1
1358,0.1195000E-1
1359,0.1199700E-1
1360,0.1201800E-1
1361,0.1204400E-1
1362,0.1206500E-1
1363,0.1210300E-1
1364,0.1212400E-1
1365,0.1214900E-1
1366,0.1216900E-1
1367,0.1220700E-1
1368,0.1222600E-1
1369,0.1226500E-1
1370,0.1227800E-1
1371,0.1230500E-1
1372,0.1232600E-1
1373,0.1235200E-1
1374,0.1237100E-1
1375,0.1240800E-1
1376,0.1242700E-1
1377,0.1246300E-1
1378,0.1248400E-1
1379,0.1251100E-1
1380,0.1253200E-1
1381,0.1256100E-1
1382,0.1258200E-1
1383,0.1261200E-1
1384,0.1263400E-1
1385,0.1266100E-1
1386,0.1268200E-1
1387,0.1271900E-1
1388,0.1274100E-1
1389,0.1279300E-1
1390,0.1281900E-1
1391,0.1283400E-1
1392,0.1285400E-1
1393,0.1290500E-1
1394,0.1293400E-1
1395,0.1297800E-1
1396,0.1299700E-1
1397,0.1304200E-1
1398,0.1307100E-1
1399,0.1314100E-1
1400,0.1315300E-1
1401,0.1320900E-1
1402,0.1323900E-1
1403,0.1328500E-1
1404,0.1331500E-1
1405,0.1336500E-1
1406,0.1339300E-1
1407,0.1346000E-1
1408,0.1348300E-1
1409,0.1352400E-1
1410,0.1354400E-1
1411,0.1360600E-1
1412,0.1363800E-1
1413,0.1371700E-1
1414,0.1374900E-1
1415,0.1382400E-1
1416,0.1385600E-1
1417,0.1392800E-1
1418,0.1395000E-1
1419,0.1400300E-1
1420,0.1403500E-1
1421,0.1415600E-1
1422,0.1419100E-1
1423,0.1430000E-1
1424,0.1433500E-1
1425,0.1441500E-1
1426,0.1445000E-1
1427,0.1455100E-1
1428,0.1458900E-1
1429,0.1468000E-1
1430,0.1471500E-1
1431,0.1484800E-1
1432,0.1488300E-1
1433,0.1496500E-1
1434,0.1498300E-1
1435,0.1507900E-1
1436,0.1511300E-1
1437,0.1518900E-1
1438,0.1520700E-1
1439,0.1526600E-1
1440,0.1529900E-1
1441,0.1540700E-1
1442,0.1544300E-1
1443,0.1554000E-1
1444,0.1555700E-1
1445,0.1564600E-1
1446,0.1568000E-1
1447,0.1579500E-1
1448,0.1582900E-1
1449,0.1594200E-1
1450,0.1597700E-1
1451,0.1604300E-1
1452,0.1607200E-1
1453,0.1610200E-1
1454,0.1613200E-1
1455,0.1619500E-1
1456,0.1621700E-1
1457,0.1629900E-1
1458,0.1633300E-1
1459,0.1641400E-1
1460,0.1644700E-1
1461,0.1655300E-1
1462,0.1658500E-1
1463,0.1671800E-1
1464,0.1675500E-1
1465,0.1683700E-1
1466,0.1687100E-1
1467,0.1691600E-1
1468,0.1694900E-1
1469,0.1703600E-1
1470,0.1706800E-1
1471,0.1716000E-1
1472,0.1719400E-1
1473,0.1729000E-1
1474,0.1732200E-1
1475,0.1742400E-1
1476,0.1746800E-1
1477,0.1755000E-1
1478,0.1758000E-1
1479,0.1763200E-1
1480,0.1764900E-1
1481,0.1771000E-1
1482,0.1773800E-1
1483,0.1777700E-1
1484,0.1780900E-1
1485,0.1788900E-1
1486,0.1790900E-1
1487,0.1796500E-1
1488,0.1799700E-1
1489,0.1807500E-1
1490,0.1810600E-1
1491,0.1816000E-1
1492,0.1818600E-1
1493,0.1823300E-1
1494,0.1826100E-1
1495,0.1831200E-1
1496,0.1833800E-1
1497,0.1839800E-1
1498,0.1842900E-1
1499,0.1847000E-1
1500,0.1849700E-1
1501,0.1854600E-1
1502,0.1857500E-1
1503,0.1862500E-1
1504,0.1865100E-1
1505,0.1871400E-1
1506,0.1874300E-1
1507,0.1877800E-1
1508,0.1880500E-1
1509,0.1885400E-1
1510,0.1888300E-1
1511,0.1894100E-1
1512,0.1896900E-1
1513,0.1900500E-1
1514,0.1903200E-1
1515,0.1906700E-1
1516,0.1909400E-1
1517,0.1914400E-1
1518,0.1917400E-1
1519,0.1922700E-1
1520,0.1925900E-1
1521,0.1933400E-1
1522,0.1936400E-1
1523,0.1943200E-1
1524,0.1946300E-1
1525,0.1951500E-1
1526,0.1954700E-1
1527,0.1958200E-1
1528,0.1961200E-1
1529,0.1965800E-1
1530,0.1968400E-1
1531,0.1973500E-1
1532,0.1976400E-1
1533,0.1982700E-1
1534,0.1985600E-1
1535,0.1991000E-1
1536,0.1993700E-1
1537,0.2000200E-1
1538,0.2003100E-1
1539,0.2008200E-1
1540,0.2009700E-1
1541,0.2014800E-1
1542,0.2017700E-1
1543,0.2022800E-1
1544,0.2025300E-1
1545,0.2029900E-1
1546,0.2031700E-1
1547,0.2036600E-1
1548,0.2039500E-1
1549,0.2044500E-1
1550,0.2047300E-1
1551,0.2052200E-1
1552,0.2054900E-1
1553,0.2059700E-1
1554,0.2062400E-1
1555,0.2067400E-1
1556,0.2070200E-1
1557,0.2074100E-1
1558,0.2076700E-1
1559,0.2083100E-1
1560,0.2086100E-1
1561,0.2092300E-1
1562,0.2095400E-1
1563,0.2100600E-1
1564,0.2102300E-1
1565,0.2107400E-1
1566,0.2110400E-1
1567,0.2115900E-1
1568,0.2118900E-1
1569,0.2123700E-1
1570,0.2127100E-1
1571,0.2132400E-1
1572,0.2135200E-1
1573,0.2141400E-1
1574,0.2144300E-1
1575,0.2152200E-1
1576,0.2155300E-1
1577,0.2161900E-1
1578,0.2165000E-1
1579,0.2170400E-1
1580,0.2173300E-1
1581,0.2178400E-1
1582,0.2181200E-1
1583,0.2184900E-1
1584,0.2187700E-1
1585,0.2194000E-1
1586,0.2196800E-1
1587,0.2203300E-1
1588,0.2206100E-1
1589,0.2217700E-1
1590,0.2220600E-1
1591,0.2225900E-1
1592,0.2228800E-1
1593,0.2234000E-1
1594,0.2236900E-1
1595,0.2241900E-1
1596,0.2244000E-1
1597,0.2249200E-1
1598,0.2252100E-1
1599,0.2257700E-1
1600,0.2260500E-1
1601,0.2265200E-1
1602,0.2268000E-1
1603,0.2276000E-1
1604,0.2279100E-1
1605,0.2285200E-1
1606,0.2288700E-1
1607,0.2296700E-1
1608,0.2302300E-1
1609,0.2307500E-1
1610,0.2309500E-1
1611,0.2312000E-1
1612,0.2314200E-1
1613,0.2316800E-1
1614,0.2318900E-1
1615,0.2321300E-1
1616,0.2323200E-1
1617,0.2328000E-1
1618,0.2330500E-1
1619,0.2336900E-1
1620,0.2339000E-1
1621,0.2342500E-1
1622,0.2344400E-1
1623,0.2347700E-1
1624,0.2349600E-1
1625,0.2352100E-1
1626,0.2354200E-1
1627,0.2356700E-1
1628,0.2358600E-1
1629,0.2361000E-1
1630,0.2363100E-1
1631,0.2365500E-1
1632,0.2367500E-1
1633,0.2369700E-1
1634,0.2371600E-1
1635,0.2374200E-1
1636,0.2376100E-1
1637,0.2378400E-1
1638,0.2380300E-1
1639,0.2382000E-1
1640,0.2383900E-1
1641,0.2387900E-1
1642,0.2389800E-1
1643,0.2394000E-1
1644,0.2396000E-1
1645,0.2398500E-1
1646,0.2400400E-1
1647,0.2402700E-1
1648,0.2404600E-1
1649,0.2407000E-1
1650,0.2409100E-1
1651,0.2411300E-1
1652,0.2413200E-1
1653,0.2415800E-1
1654,0.2417900E-1
1655,0.2422300E-1
1656,0.2424200E-1
1657,0.2427600E-1
1658,0.2429600E-1
1659,0.2433000E-1
1660,0.2434900E-1
1661,0.2438500E-1
1662,0.2440400E-1
1663,0.2442200E-1
1664,0.2444200E-1
1665,0.2446700E-1
1666,0.2448800E-1
1667,0.2451200E-1
1668,0.2453100E-1
1669,0.2457200E-1
1670,0.2459300E-1
1671,0.2464500E-1
1672,0.2466500E-1
1673,0.2470200E-1
1674,0.2473200E-1
1675,0.2476800E-1
1676,0.2479600E-1
1677,0.2484400E-1
1678,0.2487000E-1
1679,0.2491400E-1
1680,0.2493900E-1
1681,0.2498300E-1
1682,0.2500900E-1
1683,0.2506800E-1
1684,0.2509700E-1
1685,0.2515400E-1
1686,0.2517500E-1
1687,0.2521300E-1
1688,0.2523200E-1
1689,0.2526700E-1
1690,0.2528600E-1
1691,0.2532300E-1
1692,0.2533500E-1
1693,0.2536700E-1
1694,0.2538700E-1
1695,0.2542200E-1
1696,0.2544300E-1
1697,0.2547700E-1
1698,0.2548900E-1
1699,0.2552200E-1
1700,0.2553300E-1
1701,0.2556600E-1
1702,0.2558500E-1
1703,0.2562100E-1
1704,0.2564000E-1
1705,0.2566700E-1
1706,0.2568600E-1
1707,0.2570900E-1
1708,0.2572900E-1
1709,0.2575300E-1
1710,0.2577300E-1
1711,0.2579900E-1
1712,0.2582100E-1
1713,0.2586900E-1
1714,0.2588800E-1
1715,0.2591300E-1
1716,0.2593200E-1
1717,0.2596700E-1
1718,0.2598600E-1
1719,0.2602600E-1
1720,0.2604500E-1
1721,0.2607800E-1
1722,0.2610800E-1
1723,0.2616000E-1
1724,0.2618000E-1
1725,0.2621300E-1
1726,0.2623200E-1
1727,0.2627400E-1
1728,0.2629300E-1
1729,0.2632000E-1
1730,0.2634100E-1
1731,0.2638400E-1
1732,0.2640600E-1
1733,0.2643000E-1
1734,0.2644900E-1
1735,0.2647300E-1
1736,0.2649500E-1
1737,0.2652700E-1
1738,0.2653900E-1
1739,0.2657500E-1
1740,0.2660200E-1
1741,0.2663100E-1
1742,0.2665800E-1
1743,0.2668400E-1
1744,0.2671800E-1
1745,0.2683800E-1
1746,0.2686700E-1
1747,0.2691600E-1
1748,0.2694100E-1
1749,0.2696800E-1
1750,0.2698700E-1
1751,0.2701100E-1
1752,0.2703100E-1
1753,0.2705900E-1
1754,0.2708000E-1
1755,0.2710400E-1
1756,0.2712300E-1
1757,0.2717100E-1
1758,0.2719000E-1
1759,0.2722300E-1
1760,0.2724300E-1
1761,0.2727800E-1
1762,0.2729900E-1
1763,0.2732500E-1
1764,0.2734600E-1
1765,0.2737000E-1
1766,0.2739200E-1
1767,0.2742600E-1
1768,0.2744800E-1
1769,0.2748400E-1
1770,0.2750500E-1
1771,0.2752900E-1
1772,0.2754900E-1
1773,0.2758400E-1
1774,0.2760300E-1
1775,0.2763600E-1
1776,0.2765600E-1
1777,0.2769200E-1
1778,0.2771300E-1
1779,0.2774600E-1
1780,0.2776800E-1
1781,0.2779400E-1
1782,0.2781300E-1
1783,0.2783900E-1
1784,0.2786100E-1
1785,0.2788700E-1
1786,0.2790800E-1
1787,0.2797100E-1
1788,0.2799400E-1
1789,0.2802400E-1
1790,0.2804600E-1
1791,0.2810100E-1
1792,0.2812500E-1
1793,0.2818600E-1
1794,0.2822600E-1
1795,0.2833900E-1
1796,0.2837500E-1
1797,0.2845900E-1
1798,0.2849700E-1
1799,0.2857700E-1
1800,0.2861500E-1
1801,0.2871500E-1
1802,0.2875200E-1
1803,0.2883600E-1
1804,0.2887300E-1
1805,0.2899000E-1
1806,0.2902800E-1
1807,0.2910800E-1
1808,0.2914700E-1
1809,0.2925300E-1
1810,0.2929200E-1
1811,0.2937800E-1
1812,0.2941400E-1
1813,0.2949800E-1
1814,0.2953500E-1
1815,0.2961900E-1
1816,0.2964200E-1
1817,0.2972800E-1
1818,0.2975700E-1
1819,0.2978700E-1
1820,0.2981900E-1
1821,0.2990100E-1
1822,0.2992000E-1
1823,0.2999900E-1
1824,0.3003400E-1
1825,0.3008100E-1
1826,0.3010700E-1
1827,0.3016700E-1
1828,0.3018900E-1
1829,0.3023100E-1
1830,0.3024900E-1
1831,0.3029000E-1
1832,0.3031300E-1
1833,0.3034000E-1
1834,0.3036100E-1
1835,0.3039000E-1
1836,0.3041400E-1
1837,0.3045900E-1
1838,0.3048200E-1
1839,0.3051300E-1
1840,0.3053700E-1
1841,0.3055600E-1
1842,0.3057700E-1
1843,0.3060300E-1
1844,0.3062500E-1
1845,0.3067600E-1
1846,0.3071100E-1
1847,0.3079200E-1
1848,0.3081800E-1
1849,0.3087000E-1
1850,0.3089300E-1
1851,0.3095100E-1
1852,0.3098500E-1
1853,0.3108600E-1
1854,0.3112400E-1
1855,0.3121000E-1
1856,0.3124900E-1
1857,0.3134700E-1
1858,0.3138100E-1
1859,0.3144200E-1
1860,0.3147900E-1
1861,0.3158900E-1
1862,0.3161300E-1
1863,0.3166700E-1
1864,0.3169000E-1
1865,0.3177200E-1
1866,0.3181200E-1
1867,0.3186400E-1
1868,0.3189500E-1
1869,0.3192200E-1
1870,0.3194300E-1
1871,0.3197000E-1
1872,0.3199100E-1
1873,0.3202500E-1
1874,0.3205600E-1
1875,0.3208300E-1
1876,0.3210500E-1
1877,0.3213700E-1
1878,0.3216600E-1
1879,0.3219400E-1
1880,0.3221700E-1
1881,0.3224100E-1
1882,0.3226400E-1
1883,0.3231700E-1
1884,0.3233900E-1
1885,0.3236700E-1
1886,0.3238800E-1
1887,0.3243400E-1
1888,0.3245400E-1
1889,0.3251600E-1
1890,0.3253800E-1
1891,0.3260100E-1
1892,0.3262400E-1
1893,0.3264100E-1
1894,0.3266000E-1
1895,0.3268400E-1
1896,0.3271200E-1
1897,0.3278100E-1
1898,0.3280400E-1
1899,0.3284900E-1
1900,0.3288000E-1
1901,0.3290800E-1
1902,0.3293600E-1
1903,0.3297300E-1
1904,0.3299300E-1
1905,0.3302800E-1
1906,0.3304800E-1
1907,0.3309000E-1
1908,0.3310600E-1
1909,0.3312800E-1
1910,0.3316100E-1
1911,0.3319700E-1
1912,0.3321800E-1
1913,0.3326200E-1
1914,0.3328300E-1
1915,0.3332000E-1
1916,0.3334100E-1
1917,0.3343700E-1
1918,0.3347400E-1
1919,0.3356600E-1
1920,0.3360400E-1
1921,0.3370300E-1
1922,0.3374100E-1
1923,0.3381800E-1
1924,0.3384800E-1
1925,0.3391000E-1
1926,0.3394100E-1
1927,0.3401200E-1
1928,0.3403200E-1
1929,0.3406500E-1
1930,0.3408600E-1
1931,0.3411100E-1
1932,0.3413000E-1
1933,0.3415900E-1
1934,0.3418800E-1
1935,0.3423000E-1
1936,0.3425000E-1
1937,0.3430300E-1
1938,0.3432700E-1
1939,0.3435800E-1
1940,0.3437800E-1
1941,0.3440400E-1
1942,0.3442400E-1
1943,0.3444100E-1
1944,0.3446000E-1
1945,0.3448500E-1
1946,0.3451400E-1
1947,0.3456800E-1
1948,0.3460300E-1
1949,0.3466500E-1
1950,0.3468600E-1
1951,0.3474700E-1
1952,0.3477900E-1
1953,0.3480500E-1
1954,0.3482500E-1
1955,0.3485100E-1
1956,0.3486500E-1
1957,0.3492500E-1
1958,0.3494500E-1
1959,0.3498500E-1
1960,0.3500700E-1
1961,0.3503100E-1
1962,0.3505300E-1
1963,0.3507900E-1
1964,0.3510700E-1
1965,0.3513500E-1
1966,0.3515500E-1
1967,0.3517900E-1
1968,0.3520900E-1
1969,0.3526700E-1
1970,0.3529100E-1
1971,0.3533700E-1
1972,0.3537300E-1
1973,0.3543700E-1
1974,0.3546100E-1
1975,0.3548700E-1
1976,0.3550700E-1
1977,0.3553100E-1
1978,0.3555100E-1
1979,0.3558500E-1
1980,0.3562000E-1
1981,0.3565800E-1
1982,0.3568000E-1
1983,0.3570500E-1
1984,0.3573400E-1
1985,0.3576000E-1
1986,0.3578100E-1
1987,0.3581300E-1
1988,0.3583200E-1
1989,0.3586500E-1
1990,0.3588500E-1
1991,0.3592200E-1
1992,0.3594100E-1
1993,0.3597600E-1
1994,0.3599600E-1
1995,0.3603000E-1
1996,0.3605000E-1
1997,0.3608300E-1
1998,0.3610300E-1
1999,0.3612900E-1
2000,0.3614900E-1
 ---
10001,0.3470000E-3
10002,0.4070000E-3
10003,0.4670000E-3
10004,0.5390000E-3
10005,0.6020000E-3
10006,0.6640000E-3
10007,0.7260000E-3
10008,0.7870000E-3
10009,0.8480000E-3
10010,0.9080000E-3
10011,0.9670000E-3
10012,0.1026000E-2
10013,0.1088000E-2
10014,0.1149000E-2
10015,0.1211000E-2
10016,0.1270000E-2
10017,0.1330000E-2
10018,0.1391000E-2
10019,0.1451000E-2
10020,0.1510000E-2
10021,0.1688000E-2
10022,0.1748000E-2
10023,0.1808000E-2
10024,0.1868000E-2
10025,0.1930000E-2
10026,0.1990000E-2
10027,0.2050000E-2
10028,0.2110000E-2
10029,0.2170000E-2
10030,0.2230000E-2
10031,0.2290000E-2
10032,0.2349000E-2
10033,0.2408000E-2
10034,0.2468000E-2
10035,0.2529000E-2
10036,0.2589000E-2
10037,0.2648000E-2
10038,0.2707000E-2
10039,0.2766000E-2
10040,0.2825000E-2
10041,0.2975000E-2
10042,0.3035000E-2
10043,0.3094000E-2
10044,0.3153000E-2
10045,0.3212000E-2
10046,0.3272000E-2
10047,0.3332000E-2
10048,0.3393000E-2
10049,0.3454000E-2
10050,0.3514000E-2
10051,0.3575000E-2
10052,0.3635000E-2
10053,0.3694000E-2
10054,0.3753000E-2
10055,0.3813000E-2
10056,0.3875000E-2
10057,0.3935000E-2
10058,0.3996000E-2
10059,0.4057000E-2
10060,0.4118000E-2
10061,0.4274000E-2
10062,0.4334000E-2
10063,0.4393000E-2
10064,0.4453000E-2
10065,0.4513000E-2
10066,0.4572000E-2
10067,0.4631000E-2
10068,0.4690000E-2
10069,0.4816000E-2
10070,0.4892000E-2
10071,0.4968000E-2
10072,0.5046000E-2
10073,0.5122000E-2
10074,0.5197000E-2
10075,0.5268000E-2
10076,0.5340000E-2
10077,0.5412000E-2
10078,0.5483000E-2
10079,0.5553000E-2
10080,0.5625000E-2
10081,0.5819000E-2
10082,0.5883000E-2
10083,0.5946000E-2
10084,0.6009000E-2
10085,0.6072000E-2
10086,0.6135000E-2
10087,0.6197000E-2
10088,0.6260000E-2
10089,0.6323000E-2
10090,0.6387000E-2
10091,0.6450000E-2
10092,0.6513000E-2
10093,0.6576000E-2
10094,0.6638000E-2
10095,0.6700000E-2
10096,0.6763000E-2
10097,0.6826000E-2
10098,0.6889000E-2
10099,0.6951000E-2
10100,0.7012000E-2
10101,0.7232000E-2
10102,0.7295000E-2
10103,0.7358000E-2
10104,0.7420000E-2
10105,0.7482000E-2
10106,0.7544000E-2
10107,0.7607000E-2
10108,0.7669000E-2
10109,0.7731000E-2
10110,0.7793000E-2
10111,0.7857000E-2
10112,0.7920000E-2
10113,0.7983000E-2
10114,0.8046000E-2
10115,0.8108000E-2
10116,0.8170000E-2
10117,0.8232000E-2
10118,0.8294000E-2
10119,0.8356000E-2
10120,0.8418000E-2
10121,0.8609000E-2
10122,0.8672000E-2
10123,0.8735000E-2
10124,0.8798000E-2
10125,0.8861000E-2
10126,0.8923000E-2
10127,0.8986000E-2
10128,0.9048000E-2
10129,0.9112000E-2
10130,0.9175000E-2
10131,0.9239000E-2
10132,0.9302000E-2
10133,0.9365000E-2
10134,0.9429000E-2
10135,0.9492000E-2
10136,0.9555000E-2
10137,0.9616000E-2
10138,0.9678000E-2
10139,0.9742000E-2
10140,0.9805000E-2
10141,0.1000100E-1
10142,0.1007700E-1
10143,0.1014100E-1
10144,0.1020600E-1
10145,0.1027000E-1
10146,0.1036300E-1
10147,0.1043000E-1
10148,0.1049500E-1
10149,0.1056100E-1
10150,0.1062600E-1
10151,0.1069000E-1
10152,0.1075400E-1
10153,0.1081900E-1
10154,0.1088400E-1
10155,0.1094800E-1
10156,0.1101200E-1
10157,0.1107700E-1
10158,0.1114100E-1
10159,0.1120300E-1
10160,0.1126600E-1
10161,0.1145500E-1
10162,0.1151900E-1
10163,0.1158300E-1
10164,0.1164600E-1
10165,0.1171000E-1
10166,0.1177400E-1
10167,0.1183600E-1
10168,0.1190000E-1
10169,0.1196400E-1
10170,0.1202800E-1
10171,0.1209100E-1
10172,0.1215600E-1
10173,0.1222100E-1
10174,0.1228600E-1
10175,0.1235100E-1
10176,0.1241600E-1
10177,0.1248100E-1
10178,0.1254500E-1
10179,0.1261100E-1
10180,0.1267700E-1
10181,0.1287900E-1
10182,0.1294500E-1
10183,0.1301100E-1
10184,0.1307600E-1
10185,0.1314100E-1
10186,0.1320600E-1
10187,0.1327200E-1
10188,0.1333800E-1
10189,0.1340200E-1
10190,0.1346600E-1
10191,0.1353100E-1
10192,0.1359700E-1
10193,0.1366200E-1
10194,0.1372700E-1
10195,0.1379100E-1
10196,0.1385600E-1
10197,0.1392100E-1
10198,0.1398700E-1
10199,0.1405300E-1
10200,0.1411800E-1
10201,0.1427700E-1
10202,0.1434300E-1
10203,0.1440700E-1
10204,0.1447300E-1
10205,0.1453900E-1
10206,0.1460300E-1
10207,0.1466700E-1
10208,0.1473200E-1
10209,0.1479700E-1
10210,0.1486200E-1
10211,0.1492600E-1
10212,0.1498900E-1
10213,0.1505400E-1
10214,0.1511800E-1
10215,0.1518200E-1
10216,0.1524700E-1
10217,0.1531200E-1
10218,0.1537800E-1
10219,0.1544300E-1
10220,0.1550600E-1
10221,0.1565100E-1
10222,0.1571600E-1
10223,0.1577800E-1
10224,0.1584100E-1
10225,0.1590500E-1
10226,0.1596900E-1
10227,0.1603300E-1
10228,0.1609600E-1
10229,0.1615900E-1
10230,0.1622300E-1
10231,0.1628700E-1
10232,0.1635100E-1
10233,0.1641600E-1
10234,0.1648100E-1
10235,0.1654700E-1
10236,0.1661200E-1
10237,0.1667700E-1
10238,0.1674300E-1
10239,0.1680900E-1
10240,0.1687500E-1
10241,0.1708100E-1
10242,0.1714700E-1
10243,0.1721200E-1
10244,0.1727700E-1
10245,0.1734200E-1
10246,0.1740800E-1
10247,0.1747300E-1
10248,0.1753900E-1
10249,0.1760600E-1
10250,0.1767200E-1
10251,0.1773800E-1
10252,0.1780200E-1
10253,0.1786700E-1
10254,0.1793100E-1
10255,0.1799700E-1
10256,0.1806300E-1
10257,0.1812900E-1
10258,0.1819500E-1
10259,0.1826100E-1
10260,0.1832700E-1
10261,0.1848800E-1
10262,0.1855300E-1
10263,0.1861700E-1
10264,0.1868100E-1
10265,0.1874600E-1
10266,0.1881000E-1
10267,0.1887400E-1
10268,0.1893700E-1
10269,0.1900000E-1
10270,0.1906400E-1
10271,0.1912800E-1
10272,0.1919200E-1
10273,0.1925700E-1
10274,0.1932000E-1
10275,0.1938400E-1
10276,0.1944900E-1
10277,0.1951300E-1
10278,0.1957800E-1
10279,0.1964300E-1
10280,0.1971400E-1
10281,0.1987400E-1
10282,0.1994000E-1
10283,0.2000400E-1
10284,0.2006800E-1
10285,0.2015300E-1
10286,0.2022300E-1
10287,0.2029200E-1
10288,0.2035900E-1
10289,0.2042600E-1
10290,0.2049500E-1
10291,0.2056200E-1
10292,0.2062900E-1
10293,0.2069500E-1
10294,0.2076100E-1
10295,0.2082700E-1
10296,0.2089400E-1
10297,0.2096100E-1
10298,0.2102800E-1
10299,0.2109600E-1
10300,0.2116200E-1
10301,0.2130900E-1
10302,0.2137500E-1
10303,0.2143900E-1
10304,0.2150400E-1
10305,0.2156900E-1
10306,0.2163300E-1
10307,0.2169700E-1
10308,0.2176200E-1
10309,0.2182900E-1
10310,0.2189600E-1
10311,0.2196000E-1
10312,0.2202500E-1
10313,0.2208900E-1
10314,0.2215200E-1
10315,0.2221500E-1
10316,0.2227800E-1
10317,0.2234300E-1
10318,0.2240600E-1
10319,0.2247000E-1
10320,0.2253500E-1
10321,0.2270200E-1
10322,0.2276500E-1
10323,0.2282900E-1
10324,0.2289200E-1
10325,0.2295400E-1
10326,0.2301600E-1
10327,0.2307800E-1
10328,0.2314000E-1
10329,0.2320800E-1
10330,0.2327300E-1
10331,0.2333400E-1
10332,0.2339500E-1
10333,0.2345600E-1
10334,0.2351900E-1
10335,0.2358100E-1
10336,0.2364500E-1
10337,0.2370500E-1
10338,0.2376800E-1
10339,0.2382900E-1
10340,0.2389000E-1
10341,0.2407900E-1
10342,0.2414200E-1
10343,0.2420400E-1
10344,0.2426600E-1
10345,0.2432900E-1
10346,0.2439100E-1
10347,0.2445300E-1
10348,0.2451400E-1
10349,0.2457600E-1
10350,0.2464100E-1
10351,0.2470500E-1
10352,0.2476800E-1
10353,0.2482900E-1
10354,0.2489200E-1
10355,0.2495500E-1
10356,0.2503400E-1
10357,0.2511400E-1
10358,0.2518300E-1
10359,0.2527600E-1
10360,0.2535900E-1
10361,0.2569900E-1
10362,0.2579400E-1
10363,0.2589600E-1
10364,0.2599300E-1
10365,0.2607700E-1
10366,0.2616900E-1
10367,0.2625800E-1
10368,0.2634300E-1
10369,0.2643100E-1
10370,0.2652300E-1
10371,0.2660700E-1
10372,0.2669900E-1
10373,0.2677500E-1
10374,0.2683800E-1
10375,0.2692400E-1
10376,0.2700200E-1
10377,0.2708000E-1
10378,0.2715700E-1
10379,0.2723100E-1
10380,0.2729500E-1
10381,0.2771100E-1
10382,0.2782000E-1
10383,0.2792900E-1
10384,0.2803400E-1
10385,0.2813800E-1
10386,0.2824100E-1
10387,0.2834500E-1
10388,0.2845000E-1
10389,0.2855500E-1
10390,0.2866100E-1
10391,0.2876500E-1
10392,0.2885600E-1
10393,0.2893800E-1
10394,0.2903400E-1
10395,0.2913300E-1
10396,0.2924000E-1
10397,0.2930700E-1
10398,0.2937900E-1
10399,0.2947600E-1
10400,0.2956100E-1
10401,0.2988800E-1
10402,0.2996000E-1
10403,0.3003200E-1
10404,0.3010500E-1
10405,0.3017700E-1
10406,0.3024000E-1
10407,0.3030000E-1
10408,0.3038300E-1
10409,0.3047500E-1
10410,0.3055300E-1
10411,0.3062300E-1
10412,0.3068500E-1
10413,0.3076900E-1
10414,0.3085100E-1
10415,0.3091900E-1
10416,0.3099800E-1
10417,0.3108700E-1
10418,0.3117400E-1
10419,0.3126000E-1
10420,0.3134900E-1
10421,0.3176400E-1
10422,0.3182900E-1
10423,0.3190400E-1
10424,0.3196800E-1
10425,0.3203300E-1
10426,0.3209900E-1
10427,0.3218000E-1
10428,0.3224400E-1
10429,0.3231900E-1
10430,0.3239500E-1
10431,0.3246500E-1
10432,0.3252900E-1
10433,0.3259900E-1
10434,0.3266800E-1
10435,0.3273700E-1
10436,0.3280200E-1
10437,0.3286500E-1
10438,0.3293000E-1
10439,0.3299300E-1
10440,0.3306600E-1
10441,0.3341700E-1
10442,0.3349400E-1
10443,0.3356600E-1
10444,0.3364300E-1
10445,0.3371700E-1
10446,0.3380500E-1
10447,0.3388200E-1
10448,0.3396100E-1
10449,0.3403500E-1
10450,0.3410100E-1
10451,0.3418800E-1
10452,0.3429600E-1
10453,0.3440400E-1
10454,0.3449600E-1
10455,0.3458000E-1
10456,0.3465300E-1
10457,0.3472700E-1
10458,0.3479300E-1
10459,0.3486400E-1
10460,0.3493700E-1
10461,0.3520400E-1
10462,0.3527100E-1
10463,0.3534400E-1
10464,0.3544600E-1
10465,0.3555900E-1
10466,0.3566400E-1
10467,0.3572900E-1
10468,0.3579900E-1
10469,0.3589100E-1
10470,0.3596700E-1
10471,0.3603000E-1
10472,0.3609200E-1
10473,0.3615400E-1
10474,0.3621600E-1
10475,0.3628000E-1
10476,0.3634100E-1
10477,0.3640300E-1
10478,0.3646600E-1
10479,0.3652800E-1
10480,0.3658900E-1
10481,0.3682500E-1
10482,0.3691800E-1
10483,0.3699300E-1
10484,0.3705700E-1
10485,0.3712100E-1
10486,0.3719500E-1
10487,0.3725800E-1
10488,0.3732000E-1
10489,0.3738200E-1
10490,0.3744500E-1
10491,0.3750900E-1
10492,0.3757500E-1
10493,0.3764100E-1
10494,0.3770700E-1
10495,0.3777100E-1
10496,0.3783500E-1
10497,0.3789900E-1
10498,0.3799200E-1
10499,0.3809400E-1
10500,0.3819700E-1
10501,0.3836400E-1
10502,0.3843700E-1
10503,0.3854300E-1
10504,0.3865500E-1
10505,0.3874400E-1
10506,0.3884900E-1
10507,0.3893200E-1
10508,0.3900500E-1
10509,0.3910100E-1
10510,0.3920200E-1
10511,0.3928700E-1
10512,0.3936700E-1
10513,0.3944200E-1
10514,0.3953700E-1
10515,0.3962600E-1
10516,0.3970500E-1
10517,0.3979700E-1
10518,0.3986600E-1
10519,0.3994800E-1
10520,0.4001200E-1
10521,0.4034300E-1
10522,0.4043800E-1
10523,0.4052400E-1
10524,0.4060500E-1
10525,0.4069100E-1
10526,0.4078200E-1
10527,0.4086900E-1
10528,0.4095400E-1
10529,0.4104200E-1
10530,0.4111900E-1
10531,0.4120100E-1
10532,0.4128400E-1
10533,0.4138200E-1
10534,0.4145600E-1
10535,0.4155100E-1
10536,0.4163700E-1
10537,0.4171300E-1
10538,0.4179300E-1
10539,0.4188000E-1
10540,0.4197000E-1
10541,0.4235600E-1
10542,0.4244000E-1
10543,0.4251700E-1
10544,0.4259400E-1
10545,0.4268900E-1
10546,0.4276600E-1
10547,0.4284500E-1
10548,0.4292100E-1
10549,0.4299200E-1
10550,0.4306700E-1
10551,0.4315500E-1
10552,0.4324200E-1
10553,0.4332800E-1
10554,0.4340200E-1
10555,0.4346500E-1
10556,0.4354300E-1
10557,0.4360700E-1
10558,0.4368500E-1
10559,0.4376300E-1
10560,0.4383600E-1
10561,0.4417800E-1
10562,0.4426300E-1
10563,0.4433400E-1
10564,0.4442200E-1
10565,0.4450400E-1
10566,0.4458200E-1
10567,0.4465900E-1
10568,0.4473700E-1
10569,0.4482700E-1
10570,0.4491000E-1
10571,0.4499500E-1
10572,0.4507800E-1
10573,0.4515100E-1
10574,0.4524100E-1
10575,0.4533400E-1
10576,0.4543300E-1
10577,0.4553300E-1
10578,0.4562500E-1
10579,0.4571000E-1
10580,0.4578200E-1
10581,0.4610800E-1
10582,0.4618200E-1
10583,0.4624600E-1
10584,0.4632600E-1
10585,0.4640200E-1
10586,0.4646700E-1
10587,0.4654400E-1
10588,0.4660700E-1
10589,0.4666700E-1
10590,0.4673700E-1
10591,0.4680100E-1
10592,0.4686300E-1
10593,0.4692400E-1
10594,0.4698400E-1
10595,0.4704400E-1
10596,0.4710500E-1
10597,0.4716600E-1
10598,0.4722600E-1
10599,0.4728800E-1
10600,0.4734900E-1
10601,0.4757100E-1
10602,0.4763300E-1
10603,0.4769600E-1
10604,0.4775800E-1
10605,0.4782100E-1
10606,0.4788400E-1
10607,0.4794900E-1
10608,0.4801300E-1
10609,0.4807600E-1
10610,0.4814100E-1
10611,0.4820900E-1
10612,0.4827400E-1
10613,0.4833900E-1
10614,0.4840300E-1
10615,0.4846800E-1
10616,0.4853300E-1
10617,0.4859900E-1
10618,0.4866400E-1
10619,0.4872700E-1
10620,0.4879200E-1
10621,0.4897800E-1
10622,0.4904200E-1
10623,0.4910600E-1
10624,0.4917000E-1
10625,0.4923400E-1
10626,0.4929800E-1
10627,0.4936200E-1
10628,0.4942700E-1
10629,0.4949100E-1
10630,0.4955500E-1
10631,0.4961900E-1
10632,0.4968400E-1
10633,0.4974800E-1
10634,0.4981200E-1
10635,0.4987800E-1
10636,0.4994500E-1
10637,0.5001100E-1
10638,0.5007600E-1
10639,0.5014100E-1
10640,0.5020700E-1
10641,0.5042200E-1
10642,0.5048700E-1
10643,0.5055200E-1
10644,0.5061800E-1
10645,0.5068500E-1
10646,0.5075000E-1
10647,0.5081400E-1
10648,0.5087800E-1
10649,0.5094300E-1
10650,0.5100700E-1
10651,0.5107100E-1
10652,0.5113600E-1
10653,0.5120000E-1
10654,0.5126500E-1
10655,0.5133000E-1
10656,0.5139500E-1
10657,0.5146400E-1
10658,0.5152800E-1
10659,0.5160400E-1
10660,0.5166900E-1
10661,0.5185300E-1
10662,0.5191800E-1
10663,0.5198200E-1
10664,0.5204600E-1
10665,0.5211200E-1
10666,0.5217500E-1
10667,0.5223800E-1
10668,0.5230200E-1
10669,0.5236500E-1
10670,0.5242800E-1
10671,0.5251600E-1
10672,0.5259100E-1
10673,0.5265600E-1
10674,0.5272000E-1
10675,0.5278400E-1
10676,0.5285500E-1
10677,0.5292600E-1
10678,0.5300400E-1
10679,0.5307600E-1
10680,0.5315000E-1
10681,0.5347000E-1
10682,0.5355200E-1
10683,0.5365500E-1
10684,0.5376000E-1
10685,0.5385600E-1
10686,0.5403300E-1
10687,0.5422600E-1
10688,0.5433200E-1
10689,0.5444100E-1
10690,0.5454900E-1
10691,0.5464300E-1
10692,0.5472900E-1
10693,0.5480400E-1
10694,0.5487800E-1
10695,0.5495100E-1
10696,0.5504400E-1
10697,0.5517100E-1
10698,0.5530400E-1
10699,0.5543800E-1
10700,0.5552300E-1
10701,0.5569300E-1
10702,0.5576900E-1
10703,0.5583700E-1
10704,0.5590100E-1
10705,0.5596700E-1
10706,0.5603300E-1
10707,0.5610000E-1
10708,0.5617000E-1
10709,0.5623400E-1
10710,0.5632000E-1
10711,0.5641200E-1
10712,0.5648300E-1
10713,0.5654900E-1
10714,0.5661500E-1
10715,0.5668100E-1
10716,0.5677500E-1
10717,0.5685300E-1
10718,0.5691900E-1
10719,0.5698600E-1
10720,0.5705200E-1
10721,0.5723600E-1
10722,0.5730100E-1
10723,0.5736700E-1
10724,0.5743400E-1
10725,0.5750100E-1
10726,0.5756700E-1
10727,0.5763900E-1
10728,0.5770700E-1
10729,0.5777400E-1
10730,0.5784100E-1
10731,0.5790700E-1
10732,0.5797400E-1
10733,0.5804200E-1
10734,0.5810900E-1
10735,0.5817500E-1
10736,0.5824300E-1
10737,0.5830800E-1
10738,0.5837400E-1
10739,0.5843900E-1
10740,0.5850600E-1
10741,0.5873800E-1
10742,0.5880400E-1
10743,0.5887000E-1
10744,0.5893800E-1
10745,0.5900500E-1
10746,0.5907100E-1
10747,0.5913900E-1
10748,0.5920600E-1
10749,0.5927500E-1
10750,0.5934500E-1
10751,0.5941300E-1
10752,0.5948100E-1
10753,0.5954900E-1
10754,0.5961700E-1
10755,0.5968500E-1
10756,0.5975200E-1
10757,0.5982100E-1
10758,0.5988800E-1
10759,0.5995600E-1
10760,0.6002500E-1
10761,0.6020700E-1
10762,0.6027200E-1
10763,0.6033700E-1
10764,0.6040200E-1
10765,0.6046600E-1
10766,0.6053100E-1
10767,0.6059600E-1
10768,0.6066300E-1
10769,0.6073000E-1
10770,0.6079700E-1
10771,0.6086300E-1
10772,0.6092700E-1
10773,0.6099200E-1
10774,0.6105900E-1
10775,0.6112600E-1
10776,0.6119200E-1
10777,0.6125800E-1
10778,0.6132600E-1
10779,0.6139300E-1
10780,0.6145800E-1
10781,0.6164100E-1
10782,0.6170600E-1
10783,0.6177200E-1
10784,0.6183800E-1
10785,0.6190600E-1
10786,0.6197300E-1
10787,0.6204000E-1
10788,0.6210700E-1
10789,0.6217300E-1
10790,0.6224100E-1
10791,0.6230600E-1
10792,0.6237400E-1
10793,0.6244100E-1
10794,0.6250900E-1
10795,0.6257600E-1
10796,0.6264400E-1
10797,0.6271100E-1
10798,0.6277800E-1
10799,0.6284400E-1
10800,0.6291200E-1
10801,0.6308900E-1
10802,0.6315600E-1
10803,0.6322100E-1
10804,0.6328800E-1
10805,0.6335400E-1
10806,0.6342100E-1
10807,0.6348800E-1
10808,0.6355500E-1
10809,0.6362200E-1
10810,0.6368800E-1
10811,0.6375400E-1
10812,0.6382000E-1
10813,0.6388600E-1
10814,0.6395300E-1
10815,0.6402000E-1
10816,0.6408600E-1
10817,0.6415400E-1
10818,0.6422100E-1
10819,0.6428900E-1
10820,0.6435600E-1
10821,0.6451000E-1
10822,0.6457900E-1
10823,0.6464700E-1
10824,0.6471400E-1
10825,0.6478200E-1
10826,0.6485000E-1
10827,0.6491800E-1
10828,0.6498500E-1
10829,0.6505300E-1
10830,0.6512200E-1
10831,0.6519000E-1
10832,0.6525800E-1
10833,0.6532500E-1
10834,0.6539200E-1
10835,0.6545900E-1
10836,0.6552600E-1
10837,0.6559200E-1
10838,0.6566100E-1
10839,0.6573000E-1
10840,0.6579800E-1
10841,0.6595700E-1
10842,0.6602500E-1
10843,0.6609100E-1
10844,0.6615900E-1
10845,0.6622600E-1
10846,0.6629300E-1
10847,0.6635900E-1
10848,0.6642600E-1
10849,0.6649200E-1
10850,0.6655800E-1
10851,0.6662500E-1
10852,0.6669200E-1
10853,0.6675900E-1
10854,0.6682400E-1
10855,0.6689200E-1
10856,0.6695900E-1
10857,0.6702500E-1
10858,0.6709100E-1
10859,0.6715800E-1
10860,0.6722500E-1
10861,0.6747500E-1
10862,0.6754200E-1
10863,0.6760800E-1
10864,0.6767600E-1
10865,0.6774300E-1
10866,0.6781000E-1
10867,0.6787500E-1
10868,0.6794300E-1
10869,0.6801100E-1
10870,0.6807900E-1
10871,0.6814700E-1
10872,0.6821600E-1
10873,0.6832200E-1
10874,0.6839200E-1
10875,0.6846000E-1
10876,0.6852900E-1
10877,0.6859800E-1
10878,0.6866800E-1
10879,0.6873700E-1
10880,0.6880500E-1
10881,0.6898600E-1
10882,0.6905500E-1
10883,0.6912200E-1
10884,0.6919100E-1
10885,0.6925900E-1
10886,0.6933400E-1
10887,0.6940500E-1
10888,0.6947400E-1
10889,0.6954400E-1
10890,0.6962000E-1
10891,0.6968900E-1
10892,0.6976000E-1
10893,0.6983000E-1
10894,0.6990100E-1
10895,0.6997100E-1
10896,0.7004200E-1
10897,0.7011300E-1
10898,0.7018500E-1
10899,0.7025600E-1
10900,0.7032700E-1
10901,0.7051500E-1
10902,0.7058500E-1
10903,0.7065500E-1
10904,0.7072500E-1
10905,0.7079500E-1
10906,0.7086600E-1
10907,0.7093700E-1
10908,0.7100600E-1
10909,0.7107400E-1
10910,0.7114300E-1
10911,0.7121100E-1
10912,0.7128100E-1
10913,0.7135000E-1
10914,0.7141800E-1
10915,0.7148800E-1
10916,0.7155800E-1
10917,0.7162600E-1
10918,0.7169600E-1
10919,0.7176500E-1
10920,0.7183500E-1
10921,0.7205300E-1
10922,0.7212400E-1
10923,0.7219400E-1
10924,0.7226500E-1
10925,0.7234400E-1
10926,0.7241400E-1
10927,0.7248400E-1
10928,0.7255400E-1
10929,0.7262300E-1
10930,0.7269300E-1
10931,0.7276300E-1
10932,0.7283500E-1
10933,0.7297500E-1
10934,0.7304700E-1
10935,0.7311700E-1
10936,0.7318700E-1
10937,0.7325600E-1
10938,0.7332600E-1
10939,0.7339500E-1
10940,0.7346600E-1
10941,0.7365600E-1
10942,0.7372700E-1
10943,0.7379700E-1
10944,0.7386700E-1
10945,0.7395200E-1
10946,0.7402300E-1
10947,0.7409300E-1
10948,0.7416400E-1
10949,0.7423600E-1
10950,0.7430800E-1
10951,0.7437800E-1
10952,0.7445000E-1
10953,0.7452300E-1
10954,0.7459400E-1
10955,0.7466100E-1
10956,0.7472500E-1
10957,0.7478900E-1
10958,0.7486100E-1
10959,0.7492800E-1
10960,0.7499400E-1
10961,0.7521600E-1
10962,0.7528000E-1
10963,0.7534400E-1
10964,0.7540800E-1
10965,0.7547200E-1
10966,0.7553900E-1
10967,0.7560600E-1
10968,0.7567100E-1
10969,0.7573800E-1
10970,0.7580300E-1
10971,0.7587600E-1
10972,0.7594200E-1
10973,0.7600600E-1
10974,0.7607100E-1
10975,0.7613500E-1
10976,0.7620000E-1
10977,0.7626700E-1
10978,0.7633400E-1
10979,0.7640000E-1
10980,0.7646600E-1
10981,0.7663700E-1
10982,0.7670400E-1
10983,0.7677000E-1
10984,0.7684400E-1
10985,0.7691100E-1
10986,0.7697600E-1
10987,0.7704100E-1
10988,0.7710500E-1
10989,0.7716900E-1
10990,0.7723300E-1
10991,0.7729900E-1
10992,0.7736400E-1
10993,0.7743200E-1
10994,0.7749900E-1
10995,0.7756600E-1
10996,0.7763400E-1
10997,0.7770000E-1
10998,0.7777300E-1
10999,0.7783900E-1
11000,0.7792100E-1
 ---
100001,0.2534000E-2
100002,0.3191000E-2
100003,0.3827000E-2
100004,0.4465000E-2
100005,0.5147000E-2
100006,0.5786000E-2
100007,0.6427000E-2
100008,0.7074000E-2
100009,0.7729000E-2
100010,0.8401000E-2
100011,0.9070000E-2
100012,0.9740000E-2
100013,0.1040900E-1
100014,0.1092600E-1
100015,0.1139900E-1
100016,0.1186600E-1
100017,0.1233300E-1
100018,0.1281200E-1
100019,0.1327800E-1
100020,0.1376400E-1
100021,0.1425000E-1
100022,0.1473000E-1
100023,0.1519900E-1
100024,0.1566800E-1
100025,0.1613900E-1
100026,0.1660700E-1
100027,0.1708100E-1
100028,0.1756800E-1
100029,0.1805800E-1
100030,0.1852800E-1
100031,0.1899400E-1
100032,0.1945900E-1
100033,0.1992400E-1
100034,0.2039400E-1
100035,0.2086500E-1
100036,0.2133100E-1
100037,0.2178500E-1
100038,0.2224400E-1
100039,0.2269800E-1
100040,0.2315200E-1
100041,0.2360500E-1
100042,0.2405900E-1
100043,0.2451700E-1
100044,0.2497900E-1
100045,0.2544100E-1
100046,0.2589500E-1
100047,0.2635600E-1
100048,0.2680900E-1
100049,0.2726200E-1
100050,0.2771500E-1
100051,0.2816800E-1
100052,0.2866800E-1
100053,0.2912500E-1
100054,0.2958400E-1
100055,0.3004500E-1
100056,0.3050200E-1
100057,0.3095500E-1
100058,0.3140800E-1
100059,0.3186900E-1
100060,0.3232000E-1
100061,0.3277300E-1
100062,0.3323200E-1
100063,0.3368600E-1
100064,0.3414000E-1
100065,0.3459700E-1
100066,0.3504700E-1
100067,0.3549700E-1
100068,0.3594700E-1
100069,0.3639800E-1
100070,0.3685900E-1
100071,0.3731000E-1
100072,0.3776000E-1
100073,0.3821000E-1
100074,0.3866000E-1
100075,0.3911300E-1
100076,0.3956600E-1
100077,0.4005400E-1
100078,0.4050700E-1
100079,0.4095900E-1
100080,0.4141200E-1
100081,0.4187000E-1
100082,0.4232900E-1
100083,0.4277900E-1
100084,0.4322900E-1
100085,0.4367900E-1
100086,0.4414300E-1
100087,0.4460700E-1
100088,0.4505700E-1
100089,0.4551500E-1
100090,0.4597500E-1
100091,0.4642900E-1
100092,0.4688000E-1
100093,0.4733600E-1
100094,0.4778800E-1
100095,0.4823700E-1
100096,0.4868700E-1
100097,0.4913700E-1
100098,0.4958700E-1
100099,0.5003700E-1
100100,0.5049100E-1
100101,0.5094400E-1
100102,0.5139600E-1
100103,0.5184900E-1
100104,0.5230900E-1
100105,0.5276200E-1
100106,0.5322100E-1
100107,0.5367800E-1
100108,0.5412800E-1
100109,0.5459000E-1
100110,0.5504400E-1
100111,0.5549400E-1
100112,0.5594400E-1
100113,0.5639400E-1
100114,0.5684400E-1
100115,0.5730100E-1
100116,0.5775400E-1
100117,0.5820600E-1
100118,0.5865600E-1
100119,0.5911000E-1
100120,0.5959500E-1
100121,0.6009400E-1
100122,0.6061000E-1
100123,0.6111500E-1
100124,0.6158200E-1
100125,0.6203800E-1
100126,0.6250300E-1
100127,0.6295900E-1
100128,0.6341800E-1
100129,0.6387300E-1
100130,0.6432700E-1
100131,0.6479400E-1
100132,0.6524500E-1
100133,0.6572200E-1
100134,0.6618600E-1
100135,0.6664300E-1
100136,0.6710700E-1
100137,0.6756000E-1
100138,0.6802100E-1
100139,0.6848400E-1
100140,0.6893400E-1
100141,0.6945700E-1
100142,0.6993500E-1
100143,0.7038900E-1
100144,0.7084300E-1
100145,0.7129900E-1
100146,0.7175000E-1
100147,0.7221400E-1
100148,0.7266800E-1
100149,0.7312300E-1
100150,0.7358700E-1
100151,0.7404000E-1
100152,0.7453200E-1
100153,0.7498900E-1
100154,0.7545200E-1
100155,0.7591300E-1
100156,0.7636700E-1
100157,0.7682100E-1
100158,0.7727400E-1
100159,0.7772800E-1
100160,0.7818200E-1
100161,0.7864600E-1
100162,0.7910000E-1
100163,0.7955500E-1
100164,0.8001600E-1
100165,0.8047200E-1
100166,0.8093300E-1
100167,0.8139300E-1
100168,0.8184800E-1
100169,0.8230800E-1
100170,0.8276300E-1
100171,0.8321900E-1
100172,0.8367600E-1
100173,0.8416100E-1
100174,0.8461700E-1
100175,0.8511200E-1
100176,0.8560100E-1
100177,0.8609000E-1
100178,0.8657100E-1
100179,0.8703400E-1
100180,0.8749500E-1
100181,0.8796700E-1
100182,0.8842300E-1
100183,0.8887800E-1
100184,0.8933100E-1
100185,0.8978500E-1
100186,0.9025900E-1
100187,0.9071400E-1
100188,0.9117700E-1
100189,0.9164500E-1
100190,0.9210100E-1
100191,0.9255500E-1
100192,0.9301000E-1
100193,0.9347000E-1
100194,0.9393900E-1
100195,0.9440000E-1
100196,0.9485500E-1
100197,0.9530800E-1
100198,0.9577200E-1
100199,0.9622600E-1
100200,0.9667900E-1
100201,0.9818400E-1
100202,0.9866900E-1
100203,0.9914800E-1
100204,0.9962900E-1
100205,0.1000930
100206,0.1005570
100207,0.1010320
100208,0.1014960
100209,0.1019560
100210,0.1024170
100211,0.1028800
100212,0.1033470
100213,0.1038090
100214,0.1042800
100215,0.1047440
100216,0.1052120
100217,0.1056840
100218,0.1061910
100219,0.1066660
100220,0.1071320
100221,0.1075980
100222,0.1080670
100223,0.1085360
100224,0.1090050
100225,0.1094760
100226,0.1099490
100227,0.1104170
100228,0.1108900
100229,0.1113550
100230,0.1118230
100231,0.1122960
100232,0.1127590
100233,0.1132150
100234,0.1136730
100235,0.1141440
100236,0.1146110
100237,0.1150900
100238,0.1155570
100239,0.1160340
100240,0.1164980
100241,0.1169760
100242,0.1174370
100243,0.1178950
100244,0.1183480
100245,0.1188010
100246,0.1192570
100247,0.1197080
100248,0.1201600
100249,0.1206120
100250,0.1211150
100251,0.1216070
100252,0.1220820
100253,0.1225630
100254,0.1230250
100255,0.1234800
100256,0.1239420
100257,0.1243960
100258,0.1248500
100259,0.1253040
100260,0.1257640
100261,0.1262180
100262,0.1266750
100263,0.1271430
100264,0.1276020
100265,0.1280560
100266,0.1285180
100267,0.1289740
100268,0.1294590
100269,0.1299150
100270,0.1303710
100271,0.1308340
100272,0.1312900
100273,0.1317470
100274,0.1322030
100275,0.1326590
100276,0.1331150
100277,0.1335710
100278,0.1340330
100279,0.1344900
100280,0.1349460
100281,0.1354020
100282,0.1358590
100283,0.1364080
100284,0.1370030
100285,0.1375360
100286,0.1380140
100287,0.1384810
100288,0.1389560
100289,0.1394200
100290,0.1398850
100291,0.1403490
100292,0.1408130
100293,0.1413020
100294,0.1418070
100295,0.1422850
100296,0.1427620
100297,0.1432360
100298,0.1437110
100299,0.1442100
100300,0.1446840
100301,0.1451550
100302,0.1456260
100303,0.1460960
100304,0.1465660
100305,0.1470360
100306,0.1475070
100307,0.1479780
100308,0.1484500
100309,0.1489210
100310,0.1493980
100311,0.1498690
100312,0.1503450
100313,0.1508180
100314,0.1512890
100315,0.1517790
100316,0.1522690
100317,0.1527520
100318,0.1532300
100319,0.1537120
100320,0.1541950
100321,0.1546700
100322,0.1551510
100323,0.1556430
100324,0.1561190
100325,0.1565920
100326,0.1570690
100327,0.1575430
100328,0.1580300
100329,0.1585060
100330,0.1589880
100331,0.1594640
100332,0.1599910
100333,0.1604690
100334,0.1609410
100335,0.1614080
100336,0.1618730
100337,0.1623380
100338,0.1628040
100339,0.1632750
100340,0.1637480
100341,0.1642150
100342,0.1646920
100343,0.1651620
100344,0.1656430
100345,0.1661300
100346,0.1666120
100347,0.1671030
100348,0.1676960
100349,0.1682590
100350,0.1688990
100351,0.1694270
100352,0.1699170
100353,0.1703850
100354,0.1708510
100355,0.1713210
100356,0.1717860
100357,0.1722530
100358,0.1727160
100359,0.1731790
100360,0.1736480
100361,0.1741150
100362,0.1745720
100363,0.1750320
100364,0.1754880
100365,0.1759460
100366,0.1764010
100367,0.1768560
100368,0.1773110
100369,0.1777660
100370,0.1782210
100371,0.1788590
100372,0.1793670
100373,0.1798410
100374,0.1803010
100375,0.1807570
100376,0.1812150
100377,0.1816690
100378,0.1821300
100379,0.1826080
100380,0.1830740
100381,0.1835570
100382,0.1840190
100383,0.1844770
100384,0.1849320
100385,0.1853870
100386,0.1858420
100387,0.1862980
100388,0.1867560
100389,0.1872130
100390,0.1876680
100391,0.1881230
100392,0.1885860
100393,0.1890400
100394,0.1894980
100395,0.1899590
100396,0.1904160
100397,0.1908770
100398,0.1913340
100399,0.1917900
100400,0.1922460
100401,0.1937700
100402,0.1942800
100403,0.1947790
100404,0.1952530
100405,0.1957160
100406,0.1961820
100407,0.1966570
100408,0.1971210
100409,0.1975860
100410,0.1980510
100411,0.1985150
100412,0.1989800
100413,0.1994490
100414,0.1999150
100415,0.2003960
100416,0.2008680
100417,0.2013320
100418,0.2017990
100419,0.2022690
100420,0.2027460
100421,0.2032170
100422,0.2037010
100423,0.2041800
100424,0.2046460
100425,0.2051160
100426,0.2055800
100427,0.2060450
100428,0.2065130
100429,0.2069840
100430,0.2074470
100431,0.2079140
100432,0.2083850
100433,0.2088510
100434,0.2093160
100435,0.2097860
100436,0.2103030
100437,0.2108040
100438,0.2112950
100439,0.2117800
100440,0.2122620
100441,0.2127320
100442,0.2131930
100443,0.2136610
100444,0.2141270
100445,0.2145820
100446,0.2150370
100447,0.2154940
100448,0.2161030
100449,0.2165640
100450,0.2170270
100451,0.2174890
100452,0.2179450
100453,0.2184310
100454,0.2188870
100455,0.2193440
100456,0.2198000
100457,0.2202690
100458,0.2207250
100459,0.2211870
100460,0.2216470
100461,0.2221060
100462,0.2225640
100463,0.2230220
100464,0.2234880
100465,0.2239450
100466,0.2244040
100467,0.2248660
100468,0.2253230
100469,0.2257820
100470,0.2262460
100471,0.2267000
100472,0.2271530
100473,0.2276060
100474,0.2280580
100475,0.2285110
100476,0.2289630
100477,0.2294180
100478,0.2298710
100479,0.2303230
100480,0.2307750
100481,0.2312280
100482,0.2316800
100483,0.2321330
100484,0.2325850
100485,0.2330400
100486,0.2335080
100487,0.2339600
100488,0.2344130
100489,0.2348760
100490,0.2353340
100491,0.2357860
100492,0.2362860
100493,0.2368510
100494,0.2373640
100495,0.2378500
100496,0.2383190
100497,0.2387840
100498,0.2392490
100499,0.2397040
100500,0.2401680
100501,0.2406210
100502,0.2410780
100503,0.2415440
100504,0.2419960
100505,0.2424580
100506,0.2429110
100507,0.2433700
100508,0.2438440
100509,0.2442980
100510,0.2447600
100511,0.2452110
100512,0.2456720
100513,0.2461230
100514,0.2465790
100515,0.2470370
100516,0.2474880
100517,0.2479450
100518,0.2483960
100519,0.2488730
100520,0.2493310
100521,0.2497920
100522,0.2502470
100523,0.2507040
100524,0.2511580
100525,0.2516870
100526,0.2521860
100527,0.2526400
100528,0.2531060
100529,0.2535600
100530,0.2540050
100531,0.2544510
100532,0.2549010
100533,0.2553610
100534,0.2558140
100535,0.2562760
100536,0.2567700
100537,0.2572500
100538,0.2577260
100539,0.2582020
100540,0.2586670
100541,0.2591300
100542,0.2595910
100543,0.2600480
100544,0.2605010
100545,0.2609550
100546,0.2614120
100547,0.2618680
100548,0.2623260
100549,0.2627800
100550,0.2632460
100551,0.2637240
100552,0.2641860
100553,0.2646390
100554,0.2650960
100555,0.2655490
100556,0.2660020
100557,0.2664550
100558,0.2669130
100559,0.2673660
100560,0.2678190
100561,0.2682710
100562,0.2687250
100563,0.2691780
100564,0.2696310
100565,0.2700890
100566,0.2705430
100567,0.2709960
100568,0.2714490
100569,0.2719030
100570,0.2723740
100571,0.2728300
100572,0.2732910
100573,0.2737560
100574,0.2742090
100575,0.2746620
100576,0.2751160
100577,0.2755700
100578,0.2760250
100579,0.2764780
100580,0.2769360
100581,0.2773920
100582,0.2778470
100583,0.2783090
100584,0.2787680
100585,0.2792270
100586,0.2796850
100587,0.2801380
100588,0.2805960
100589,0.2810530
100590,0.2815110
100591,0.2819650
100592,0.2824180
100593,0.2828710
100594,0.2833340
100595,0.2837880
100596,0.2842460
100597,0.2846990
100598,0.2851520
100599,0.2856070
100600,0.2860610
100601,0.2876010
100602,0.2881420
100603,0.2886520
100604,0.2891150
100605,0.2895920
100606,0.2900540
100607,0.2905170
100608,0.2909780
100609,0.2914380
100610,0.2919010
100611,0.2923650
100612,0.2928950
100613,0.2934410
100614,0.2939250
100615,0.2944260
100616,0.2948970
100617,0.2953710
100618,0.2958490
100619,0.2964970
100620,0.2974120
100621,0.2981950
100622,0.2988570
100623,0.2995040
100624,0.3001520
100625,0.3007880
100626,0.3014370
100627,0.3020780
100628,0.3027320
100629,0.3033700
100630,0.3040080
100631,0.3046550
100632,0.3053060
100633,0.3059510
100634,0.3065940
100635,0.3072470
100636,0.3079070
100637,0.3085670
100638,0.3092160
100639,0.3098670
100640,0.3105180
100641,0.3111710
100642,0.3117980
100643,0.3122690
100644,0.3127530
100645,0.3132240
100646,0.3137030
100647,0.3141820
100648,0.3146590
100649,0.3151360
100650,0.3156120
100651,0.3160890
100652,0.3165670
100653,0.3170470
100654,0.3175230
100655,0.3179960
100656,0.3184830
100657,0.3189550
100658,0.3194240
100659,0.3198970
100660,0.3203750
100661,0.3208610
100662,0.3213500
100663,0.3218450
100664,0.3223270
100665,0.3228170
100666,0.3232920
100667,0.3237770
100668,0.3242530
100669,0.3247320
100670,0.3252100
100671,0.3256850
100672,0.3261590
100673,0.3266340
100674,0.3271090
100675,0.3275830
100676,0.3280670
100677,0.3285410
100678,0.3290280
100679,0.3295020
100680,0.3299750
100681,0.3304480
100682,0.3309180
100683,0.3313930
100684,0.3318640
100685,0.3323320
100686,0.3328080
100687,0.3332940
100688,0.3337680
100689,0.3342390
100690,0.3347160
100691,0.3351880
100692,0.3356590
100693,0.3361300
100694,0.3366020
100695,0.3370720
100696,0.3375440
100697,0.3380310
100698,0.3385020
100699,0.3389740
100700,0.3394440
100701,0.3399180
100702,0.3403880
100703,0.3408580
100704,0.3413270
100705,0.3418010
100706,0.3422730
100707,0.3427480
100708,0.3432200
100709,0.3436880
100710,0.3441620
100711,0.3446700
100712,0.3452600
100713,0.3457490
100714,0.3462250
100715,0.3466880
100716,0.3471550
100717,0.3476120
100718,0.3480720
100719,0.3485360
100720,0.3489910
100721,0.3494960
100722,0.3499840
100723,0.3504530
100724,0.3509230
100725,0.3514040
100726,0.3518790
100727,0.3523500
100728,0.3528160
100729,0.3532940
100730,0.3537650
100731,0.3542360
100732,0.3547000
100733,0.3551690
100734,0.3556330
100735,0.3560950
100736,0.3565580
100737,0.3570320
100738,0.3574960
100739,0.3579670
100740,0.3584290
100741,0.3588920
100742,0.3593570
100743,0.3598220
100744,0.3602850
100745,0.3607590
100746,0.3612220
100747,0.3616900
100748,0.3621530
100749,0.3626230
100750,0.3630880
100751,0.3635870
100752,0.3640620
100753,0.3645380
100754,0.3650020
100755,0.3654680
100756,0.3659330
100757,0.3664020
100758,0.3668650
100759,0.3673290
100760,0.3677920
100761,0.3682640
100762,0.3687270
100763,0.3691910
100764,0.3696570
100765,0.3701200
100766,0.3705840
100767,0.3710530
100768,0.3715160
100769,0.3719800
100770,0.3724500
100771,0.3729140
100772,0.3733770
100773,0.3738420
100774,0.3743050
100775,0.3747680
100776,0.3752310
100777,0.3756940
100778,0.3761570
100779,0.3766310
100780,0.3770990
100781,0.3775680
100782,0.3780320
100783,0.3784960
100784,0.3790010
100785,0.3794670
100786,0.3799300
100787,0.3803950
100788,0.3808590
100789,0.3813240
100790,0.3817900
100791,0.3822640
100792,0.3827280
100793,0.3832060
100794,0.3836810
100795,0.3841450
100796,0.3846160
100797,0.3850800
100798,0.3855440
100799,0.3860090
100800,0.3864720
100801,0.3882220
100802,0.3887340
100803,0.3892130
100804,0.3896850
100805,0.3901590
100806,0.3906280
100807,0.3910970
100808,0.3915680
100809,0.3920350
100810,0.3925240
100811,0.3929960
100812,0.3934710
100813,0.3939420
100814,0.3945450
100815,0.3950510
100816,0.3955570
100817,0.3960730
100818,0.3965510
100819,0.3970080
100820,0.3974750
100821,0.3979370
100822,0.3984070
100823,0.3988780
100824,0.3993490
100825,0.3998180
100826,0.4002990
100827,0.4007700
100828,0.4012390
100829,0.4017090
100830,0.4022240
100831,0.4026980
100832,0.4031670
100833,0.4036340
100834,0.4041020
100835,0.4045700
100836,0.4050390
100837,0.4055080
100838,0.4059780
100839,0.4064470
100840,0.4069170
100841,0.4073850
100842,0.4078530
100843,0.4083290
100844,0.4087950
100845,0.4092600
100846,0.4098140
100847,0.4103550
100848,0.4108620
100849,0.4113110
100850,0.4117580
100851,0.4122320
100852,0.4127020
100853,0.4132290
100854,0.4137260
100855,0.4141990
100856,0.4146770
100857,0.4151440
100858,0.4156160
100859,0.4160790
100860,0.4165510
100861,0.4170160
100862,0.4174910
100863,0.4179590
100864,0.4184230
100865,0.4188960
100866,0.4193670
100867,0.4198440
100868,0.4203080
100869,0.4207760
100870,0.4212330
100871,0.4216970
100872,0.4221740
100873,0.4226410
100874,0.4230960
100875,0.4235590
100876,0.4240140
100877,0.4245190
100878,0.4249740
100879,0.4254380
100880,0.4259750
100881,0.4264890
100882,0.4269200
100883,0.4273510
100884,0.4278140
100885,0.4282690
100886,0.4287260
100887,0.4291810
100888,0.4296350
100889,0.4300900
100890,0.4305470
100891,0.4310130
100892,0.4314730
100893,0.4319400
100894,0.4323950
100895,0.4328500
100896,0.4333040
100897,0.4337580
100898,0.4342190
100899,0.4346780
100900,0.4351330
100901,0.4355890
100902,0.4360440
100903,0.4364990
100904,0.4369580
100905,0.4374120
100906,0.4378670
100907,0.4383220
100908,0.4387770
100909,0.4392320
100910,0.4396860
100911,0.4401460
100912,0.4406150
100913,0.4410710
100914,0.4415370
100915,0.4420120
100916,0.4424860
100917,0.4429580
100918,0.4434170
100919,0.4438750
100920,0.4443330
100921,0.4447910
100922,0.4452500
100923,0.4457110
100924,0.4461660
100925,0.4466230
100926,0.4470790
100927,0.4475350
100928,0.4479910
100929,0.4484520
100930,0.4489090
100931,0.4493650
100932,0.4498260
100933,0.4502870
100934,0.4507430
100935,0.4512040
100936,0.4516650
100937,0.4521200
100938,0.4525750
100939,0.4530300
100940,0.4534900
100941,0.4539450
100942,0.4544100
100943,0.4548710
100944,0.4553280
100945,0.4558070
100946,0.4562790
100947,0.4567500
100948,0.4572150
100949,0.4576900
100950,0.4581580
100951,0.4586250
100952,0.4590950
100953,0.4595610
100954,0.4600820
100955,0.4605810
100956,0.4610790
100957,0.4615420
100958,0.4620170
100959,0.4624710
100960,0.4629330
100961,0.4633880
100962,0.4638590
100963,0.4643190
100964,0.4647810
100965,0.4652350
100966,0.4657000
100967,0.4661550
100968,0.4666170
100969,0.4670710
100970,0.4675240
100971,0.4679860
100972,0.4684390
100973,0.4689110
100974,0.4693720
100975,0.4698240
100976,0.4702910
100977,0.4707460
100978,0.4712430
100979,0.4717040
100980,0.4721910
100981,0.4726500
100982,0.4731180
100983,0.4735770
100984,0.4740320
100985,0.4744940
100986,0.4749490
100987,0.4754110
100988,0.4758710
100989,0.4763350
100990,0.4767920
100991,0.4772540
100992,0.4777100
100993,0.4781710
100994,0.4786270
100995,0.4791230
100996,0.4796320
100997,0.4801250
100998,0.4806410
100999,0.4811420
101000,0.4819790
 ---
